{"ROC AUC": 0.8257411281574463, "PR AUC": 0.09230670325723954, "Recall": 1.0, "Precision": 0.014334253557018475, "F1": 0.028263372762482985}