{"ROC AUC": 0.819561419315413, "PR AUC": 0.20171653134862294, "Recall": 0.9021406727828746, "Precision": 0.05090595340811044, "F1": 0.09637373407383207}