{"ROC AUC": 0.8206099494146251, "PR AUC": 0.21530633818100867, "Recall": 0.617737003058104, "Precision": 0.12492269635126778, "F1": 0.2078189300411523}