{"ROC AUC": 0.7809448588075223, "PR AUC": 0.13534264666835066, "Recall": 0.3944954128440367, "Precision": 0.13096446700507614, "F1": 0.19664634146341464}