{"ROC AUC": 0.7949232914923292, "PR AUC": 0.043457394034270964, "Recall": 0.6074074074074074, "Precision": 0.0408570004982561, "F1": 0.07656395891690009}