{"ROC AUC": 0.8380222377188905, "PR AUC": 0.14897804658348135, "Recall": 0.6592592592592592, "Precision": 0.05091533180778032, "F1": 0.09453000531067446}