{"ROC AUC": 0.8535935284430858, "PR AUC": 0.245823401132794, "Recall": 0.6697819314641744, "Precision": 0.10204081632653061, "F1": 0.1771004942339374}