{"ROC AUC": 0.8621822060465865, "PR AUC": 0.11523393959049975, "Recall": 1.0, "Precision": 0.014655795231706058, "F1": 0.028888210761875695}