{"ROC AUC": 0.8554142025214755, "PR AUC": 0.2498803473384008, "Recall": 0.632398753894081, "Precision": 0.11809191390343222, "F1": 0.19901960784313724}