{"ROC AUC": 0.7839787664509126, "PR AUC": 0.1704156433095674, "Recall": 0.3613707165109034, "Precision": 0.12419700214132762, "F1": 0.1848605577689243}