{"ROC AUC": 0.7721539249111512, "PR AUC": 0.05784391167063781, "Recall": 0.5070422535211268, "Precision": 0.03640040444893832, "F1": 0.06792452830188679}