{"ROC AUC": 0.8653673375752579, "PR AUC": 0.24243746230165217, "Recall": 0.6830985915492958, "Precision": 0.05286103542234333, "F1": 0.09812847749114821}