{"ROC AUC": 0.8851955115752907, "PR AUC": 0.12860554269808713, "Recall": 1.0, "Precision": 0.013748191027496382, "F1": 0.027123483226266953}