{"ROC AUC": 0.8698775695874706, "PR AUC": 0.30924614793179017, "Recall": 0.8333333333333334, "Precision": 0.09416543574593796, "F1": 0.1692103516921035}