{"ROC AUC": 0.8685244023598622, "PR AUC": 0.3070076180542797, "Recall": 0.6830065359477124, "Precision": 0.10908141962421712, "F1": 0.18811881188118812}