{"ROC AUC": 0.8093549937766169, "PR AUC": 0.1614764891598919, "Recall": 0.42810457516339867, "Precision": 0.1325910931174089, "F1": 0.20247295208655333}