{"ROC AUC": 0.8100414278543019, "PR AUC": 0.09839125622843563, "Recall": 0.6466165413533834, "Precision": 0.04365482233502538, "F1": 0.08178792201616737}