{"ROC AUC": 0.8859197306756043, "PR AUC": 0.2207873313883758, "Recall": 0.7669172932330827, "Precision": 0.05042016806722689, "F1": 0.09461966604823747}