{"ROC AUC": 0.8721477264214548, "PR AUC": 0.1543486115124076, "Recall": 1.0, "Precision": 0.015894313138610797, "F1": 0.03129127298587829}