{"ROC AUC": 0.84540199153478, "PR AUC": 0.25357692365443635, "Recall": 0.6884735202492211, "Precision": 0.08864821500200562, "F1": 0.15707178393745558}