{"ROC AUC": 0.8478721225035981, "PR AUC": 0.25268306371092947, "Recall": 0.6386292834890965, "Precision": 0.10337871911245587, "F1": 0.17795138888888887}