{"ROC AUC": 0.7937984349186333, "PR AUC": 0.17201584462561142, "Recall": 0.45794392523364486, "Precision": 0.14773869346733667, "F1": 0.22340425531914893}