{"ROC AUC": 0.7886705847901443, "PR AUC": 0.088277973724258, "Recall": 0.5909090909090909, "Precision": 0.04598281960586155, "F1": 0.08532583216127519}