{"ROC AUC": 0.8759736854650332, "PR AUC": 0.2880243686876259, "Recall": 0.7207792207792207, "Precision": 0.055004955401387515, "F1": 0.10220994475138122}