{"ROC AUC": 0.8764872140187333, "PR AUC": 0.13746551220341238, "Recall": 1.0, "Precision": 0.013678756476683937, "F1": 0.026988345941525247}