{"ROC AUC": 0.8476990479132219, "PR AUC": 0.26024933532891065, "Recall": 0.8085106382978723, "Precision": 0.07421875, "F1": 0.13595706618962433}