{"ROC AUC": 0.8499055181060013, "PR AUC": 0.2529739308974398, "Recall": 0.6631205673758865, "Precision": 0.10185185185185185, "F1": 0.1765816808309726}