{"ROC AUC": 0.7785987532629564, "PR AUC": 0.11797092653406548, "Recall": 0.3475177304964539, "Precision": 0.0998980632008155, "F1": 0.15518606492478226}