{"ROC AUC": 0.8011244245353302, "PR AUC": 0.05832414333634228, "Recall": 0.6136363636363636, "Precision": 0.04031856645097063, "F1": 0.07566557683325548}