{"ROC AUC": 0.8868224958133553, "PR AUC": 0.20035768503888332, "Recall": 0.7803030303030303, "Precision": 0.05472901168969182, "F1": 0.10228401191658393}