{"ROC AUC": 0.8520361870196412, "PR AUC": 0.22238440007204513, "Recall": 0.9276315789473685, "Precision": 0.06933857880501598, "F1": 0.12903225806451613}