{"ROC AUC": 0.8693303071648475, "PR AUC": 0.10022119573677613, "Recall": 1.0, "Precision": 0.01488833746898263, "F1": 0.0293398533007335}