{"ROC AUC": 0.8573647270663851, "PR AUC": 0.23026711953375603, "Recall": 0.6381578947368421, "Precision": 0.12605588044184535, "F1": 0.21052631578947367}