{"ROC AUC": 0.7889813868039013, "PR AUC": 0.12626054448104684, "Recall": 0.3618421052631579, "Precision": 0.11410788381742738, "F1": 0.17350157728706625}