{"ROC AUC": 0.7690126760891873, "PR AUC": 0.048133075427153185, "Recall": 0.5347222222222222, "Precision": 0.038751887267237044, "F1": 0.07226654152979824}