{"ROC AUC": 0.8730554389401997, "PR AUC": 0.178597535066661, "Recall": 0.6944444444444444, "Precision": 0.06105006105006105, "F1": 0.1122334455667789}