{"ROC AUC": 0.8526467779223232, "PR AUC": 0.2427031212851665, "Recall": 0.8442367601246106, "Precision": 0.06754735792622134, "F1": 0.12508654511885528}