{"ROC AUC": 0.8708463263737689, "PR AUC": 0.12686076647267477, "Recall": 1.0, "Precision": 0.015171844359583032, "F1": 0.029890199267995122}