{"ROC AUC": 0.8582042400589532, "PR AUC": 0.25014581799246527, "Recall": 0.7165109034267912, "Precision": 0.12098895318253551, "F1": 0.20702070207020704}