{"ROC AUC": 0.8127622103216092, "PR AUC": 0.16975599079671766, "Recall": 0.40186915887850466, "Precision": 0.13395638629283488, "F1": 0.20093457943925233}