{"ROC AUC": 0.8052074109878703, "PR AUC": 0.06644004394774057, "Recall": 0.5986394557823129, "Precision": 0.044783715012722644, "F1": 0.08333333333333333}