{"ROC AUC": 0.8884234683183692, "PR AUC": 0.2162510731533263, "Recall": 0.7959183673469388, "Precision": 0.0598159509202454, "F1": 0.11126961483594865}