{"ROC AUC": 0.85416099348719, "PR AUC": 0.13788493436799162, "Recall": 1.0, "Precision": 0.015341556960713175, "F1": 0.030219499744767737}