{"ROC AUC": 0.8436370152051194, "PR AUC": 0.2616668080730282, "Recall": 0.9318181818181818, "Precision": 0.05661866245807852, "F1": 0.10675097638088153}