{"ROC AUC": 0.8559683004868743, "PR AUC": 0.266336861067114, "Recall": 0.7272727272727273, "Precision": 0.10916179337231968, "F1": 0.18983050847457625}