{"ROC AUC": 0.8320591929419854, "PR AUC": 0.18785179531606677, "Recall": 0.4675324675324675, "Precision": 0.14145383104125736, "F1": 0.21719457013574658}