{"ROC AUC": 0.8189851532893094, "PR AUC": 0.09945428528484493, "Recall": 0.6486486486486487, "Precision": 0.0471976401179941, "F1": 0.08799266727772685}