{"ROC AUC": 0.8750943166088003, "PR AUC": 0.22831614494873428, "Recall": 0.7837837837837838, "Precision": 0.05335786568537258, "F1": 0.09991386735572783}