{"ROC AUC": 0.8369755052265337, "PR AUC": 0.07624983948612885, "Recall": 1.0, "Precision": 0.014282757193127717, "F1": 0.02816326530612245}