{"ROC AUC": 0.8520829525022986, "PR AUC": 0.24279861221269972, "Recall": 0.9137380191693291, "Precision": 0.0611764705882353, "F1": 0.11467522052927025}