{"ROC AUC": 0.8670366525429509, "PR AUC": 0.2564645153052664, "Recall": 0.6389776357827476, "Precision": 0.12554927809165098, "F1": 0.2098635886673662}