{"ROC AUC": 0.8127421403295291, "PR AUC": 0.13351129090859426, "Recall": 0.3514376996805112, "Precision": 0.11375387797311272, "F1": 0.171875}