{"ROC AUC": 0.7763855288116185, "PR AUC": 0.04289266640496039, "Recall": 0.5434782608695652, "Precision": 0.03761283851554664, "F1": 0.07035647279549719}