{"ROC AUC": 0.8615644367903024, "PR AUC": 0.1424169341872989, "Recall": 0.6884057971014492, "Precision": 0.05520046484601976, "F1": 0.10220548682087144}