{"ROC AUC": 0.837296646935605, "PR AUC": 0.12233307593273393, "Recall": 1.0, "Precision": 0.014331706303873714, "F1": 0.028258421214293027}