{"ROC AUC": 0.8214547563935458, "PR AUC": 0.23107629408749386, "Recall": 0.7203947368421053, "Precision": 0.07580477673935618, "F1": 0.1371750704666458}