{"ROC AUC": 0.8203044237943278, "PR AUC": 0.230077767142643, "Recall": 0.5822368421052632, "Precision": 0.11478599221789883, "F1": 0.19176598049837484}