{"ROC AUC": 0.7792708029012541, "PR AUC": 0.15082537367180152, "Recall": 0.3059210526315789, "Precision": 0.09748427672955975, "F1": 0.1478537360890302}