{"ROC AUC": 0.7803004046539768, "PR AUC": 0.08015379810748163, "Recall": 0.5797101449275363, "Precision": 0.040100250626566414, "F1": 0.07501172058134084}