{"ROC AUC": 0.8478925918832066, "PR AUC": 0.16542997975886292, "Recall": 0.644927536231884, "Precision": 0.05463474524248005, "F1": 0.10073571024335032}