{"ROC AUC": 0.8600747416930166, "PR AUC": 0.24630913012249564, "Recall": 0.8168168168168168, "Precision": 0.08042578356002365, "F1": 0.14643337819650068}