{"ROC AUC": 0.8741536919805439, "PR AUC": 0.1227012307589321, "Recall": 1.0, "Precision": 0.016802391506030308, "F1": 0.03304947283049473}