{"ROC AUC": 0.8612277948315523, "PR AUC": 0.2566973501595087, "Recall": 0.6816816816816816, "Precision": 0.12023305084745763, "F1": 0.20441242683475913}