{"ROC AUC": 0.776152700522897, "PR AUC": 0.1406109078633114, "Recall": 0.37537537537537535, "Precision": 0.12807377049180327, "F1": 0.19098548510313215}