{"ROC AUC": 0.7696469530338446, "PR AUC": 0.054936072020439784, "Recall": 0.5214723926380368, "Precision": 0.042606516290726815, "F1": 0.07877664504170527}