{"ROC AUC": 0.881128054781198, "PR AUC": 0.23374099283320332, "Recall": 0.7730061349693251, "Precision": 0.06379746835443038, "F1": 0.11786716557530404}