{"ROC AUC": 0.8545424529556191, "PR AUC": 0.11641154337157643, "Recall": 1.0, "Precision": 0.014675485737908226, "F1": 0.02892646160114076}