{"ROC AUC": 0.8502649943992814, "PR AUC": 0.25222052106337967, "Recall": 0.7142857142857143, "Precision": 0.09623797025371829, "F1": 0.16962220508866618}