{"ROC AUC": 0.8549968391983763, "PR AUC": 0.2554250353553561, "Recall": 0.6331168831168831, "Precision": 0.11882998171846434, "F1": 0.2001026167265264}