{"ROC AUC": 0.7963495860458927, "PR AUC": 0.16228794022778062, "Recall": 0.4155844155844156, "Precision": 0.12673267326732673, "F1": 0.19423368740515934}