{"ROC AUC": 0.782425832528209, "PR AUC": 0.060318813895398796, "Recall": 0.5704225352112676, "Precision": 0.04025844930417495, "F1": 0.07520891364902507}