{"ROC AUC": 0.8664642037245498, "PR AUC": 0.17697766429498046, "Recall": 0.6971830985915493, "Precision": 0.05647461494580719, "F1": 0.10448548812664908}