{"ROC AUC": 0.8769255226672349, "PR AUC": 0.12100255436977135, "Recall": 1.0, "Precision": 0.01599257119273628, "F1": 0.031481669544023566}