{"ROC AUC": 0.8580615913379933, "PR AUC": 0.20269910285419512, "Recall": 0.7716049382716049, "Precision": 0.09827044025157233, "F1": 0.17433751743375178}