{"ROC AUC": 0.8601487464549662, "PR AUC": 0.2059394888346533, "Recall": 0.6697530864197531, "Precision": 0.12727272727272726, "F1": 0.2138984721537703}