{"ROC AUC": 0.7799220949172913, "PR AUC": 0.12415465169306376, "Recall": 0.28703703703703703, "Precision": 0.096875, "F1": 0.14485981308411217}