{"ROC AUC": 0.7840323088006982, "PR AUC": 0.07628401306778083, "Recall": 0.535483870967742, "Precision": 0.041750503018108655, "F1": 0.07746150256649557}