{"ROC AUC": 0.8794535374957297, "PR AUC": 0.23905113182049134, "Recall": 0.7290322580645161, "Precision": 0.06088362068965517, "F1": 0.11238189955246146}