{"ROC AUC": 0.8892831511806774, "PR AUC": 0.3135159161653657, "Recall": 0.8729641693811075, "Precision": 0.08292079207920793, "F1": 0.15145521333710088}