{"ROC AUC": 0.890629207598933, "PR AUC": 0.13351197269733764, "Recall": 1.0, "Precision": 0.014573643410852714, "F1": 0.028728606356968216}