{"ROC AUC": 0.8902209197851443, "PR AUC": 0.307809042425803, "Recall": 0.755700325732899, "Precision": 0.11964930376482723, "F1": 0.20658949243098845}