{"ROC AUC": 0.8013745594539037, "PR AUC": 0.14011390370222698, "Recall": 0.39087947882736157, "Precision": 0.12345679012345678, "F1": 0.1876465989053948}