{"ROC AUC": 0.7959021612831717, "PR AUC": 0.08817932572718154, "Recall": 0.5957446808510638, "Precision": 0.041895261845386535, "F1": 0.0782851817334576}