{"ROC AUC": 0.8963586090542693, "PR AUC": 0.2190233653875723, "Recall": 0.8085106382978723, "Precision": 0.05465004793863854, "F1": 0.10237988325101033}