{"ROC AUC": 0.8567484568716845, "PR AUC": 0.30971828084863173, "Recall": 0.749185667752443, "Precision": 0.0968421052631579, "F1": 0.1715137956748695}