{"ROC AUC": 0.8642987304742741, "PR AUC": 0.12573275739662887, "Recall": 1.0, "Precision": 0.01612403100775194, "F1": 0.031736344217271895}