{"ROC AUC": 0.8576792713151986, "PR AUC": 0.31246837149675594, "Recall": 0.6840390879478827, "Precision": 0.12389380530973451, "F1": 0.2097902097902098}