{"ROC AUC": 0.8046800460087289, "PR AUC": 0.19547417680653947, "Recall": 0.4820846905537459, "Precision": 0.14904330312185296, "F1": 0.22769230769230767}