{"ROC AUC": 0.7800182361323237, "PR AUC": 0.05716124607743822, "Recall": 0.5512820512820513, "Precision": 0.044125192406362236, "F1": 0.08171021377672208}