{"ROC AUC": 0.8584655924318704, "PR AUC": 0.21735266781701962, "Recall": 0.6858974358974359, "Precision": 0.062209302325581396, "F1": 0.1140724946695096}