{"ROC AUC": 0.8339653027884009, "PR AUC": 0.2549984585063563, "Recall": 0.9099378881987578, "Precision": 0.06343364364581078, "F1": 0.1185994737907306}