{"ROC AUC": 0.8501761167608967, "PR AUC": 0.1249415235521288, "Recall": 1.0, "Precision": 0.015069632093119933, "F1": 0.029691819391829632}