{"ROC AUC": 0.840463902488185, "PR AUC": 0.25787855945571764, "Recall": 0.6273291925465838, "Precision": 0.1145124716553288, "F1": 0.19367209971236818}