{"ROC AUC": 0.7935434026764829, "PR AUC": 0.18483451482961694, "Recall": 0.40993788819875776, "Precision": 0.1306930693069307, "F1": 0.1981981981981982}