{"ROC AUC": 0.7762786076841097, "PR AUC": 0.0885261336692227, "Recall": 0.5448275862068965, "Precision": 0.03938185443668993, "F1": 0.07345420734542073}