{"ROC AUC": 0.86674879427756, "PR AUC": 0.19543325112646193, "Recall": 0.696551724137931, "Precision": 0.05614230127848805, "F1": 0.10390946502057613}