{"ROC AUC": 0.8480158218028947, "PR AUC": 0.21165145929216223, "Recall": 0.8038585209003215, "Precision": 0.09742790335151988, "F1": 0.1737921445950643}