{"ROC AUC": 0.8744097932920544, "PR AUC": 0.12387717810968783, "Recall": 1.0, "Precision": 0.015187519371835934, "F1": 0.02992061876653776}