{"ROC AUC": 0.8486899371466385, "PR AUC": 0.20385546985195063, "Recall": 0.6463022508038585, "Precision": 0.11056105610561057, "F1": 0.1888210427430719}