{"ROC AUC": 0.7723952855860136, "PR AUC": 0.1013906149293249, "Recall": 0.24758842443729903, "Precision": 0.0818278427205101, "F1": 0.12300319488817892}