{"ROC AUC": 0.7769689495605208, "PR AUC": 0.08420137047028387, "Recall": 0.54421768707483, "Precision": 0.04018081366147665, "F1": 0.07483629560336764}