{"ROC AUC": 0.8585677032038161, "PR AUC": 0.2112117346367127, "Recall": 0.6802721088435374, "Precision": 0.05470459518599562, "F1": 0.10126582278481014}