{"ROC AUC": 0.8617931863498031, "PR AUC": 0.1325887724524458, "Recall": 1.0, "Precision": 0.017020837631524656, "F1": 0.033471954559285935}