{"ROC AUC": 0.8461922325315785, "PR AUC": 0.2454058332516288, "Recall": 0.6871165644171779, "Precision": 0.10004466279589103, "F1": 0.1746588693957115}