{"ROC AUC": 0.8482593792731292, "PR AUC": 0.2310735529664244, "Recall": 0.6809815950920245, "Precision": 0.12409167132476244, "F1": 0.2099290780141844}