{"ROC AUC": 0.7732987051599755, "PR AUC": 0.14735585197240256, "Recall": 0.3159509202453988, "Precision": 0.10510204081632653, "F1": 0.15773353751914243}