{"ROC AUC": 0.7696479963874234, "PR AUC": 0.053522579471993764, "Recall": 0.5454545454545454, "Precision": 0.045408678102926335, "F1": 0.08383791336748951}