{"ROC AUC": 0.8640936598644648, "PR AUC": 0.19339716745752836, "Recall": 0.6727272727272727, "Precision": 0.06132596685082873, "F1": 0.11240506329113924}