{"ROC AUC": 0.8796255734433371, "PR AUC": 0.10791584223576987, "Recall": 1.0, "Precision": 0.014276846679081317, "F1": 0.028151774785801716}