{"ROC AUC": 0.8637160489227931, "PR AUC": 0.1911051731058457, "Recall": 0.8993288590604027, "Precision": 0.07626636311895275, "F1": 0.14060860440713535}