{"ROC AUC": 0.862376704359837, "PR AUC": 0.19324858787949742, "Recall": 0.6409395973154363, "Precision": 0.11790123456790123, "F1": 0.1991657977059437}