{"ROC AUC": 0.7806979994727159, "PR AUC": 0.09270874731639711, "Recall": 0.2785234899328859, "Precision": 0.08848614072494669, "F1": 0.1343042071197411}