{"ROC AUC": 0.7801571113058081, "PR AUC": 0.04067911453066123, "Recall": 0.5507246376811594, "Precision": 0.038894575230296824, "F1": 0.07265774378585085}