{"ROC AUC": 0.8906084583652757, "PR AUC": 0.17450959080723816, "Recall": 0.7753623188405797, "Precision": 0.061565017261219795, "F1": 0.1140724946695096}