{"ROC AUC": 0.8598139226365031, "PR AUC": 0.10511020265995906, "Recall": 1.0, "Precision": 0.015468701660307312, "F1": 0.030466131816797}