{"ROC AUC": 0.8407217995497244, "PR AUC": 0.21818669622567818, "Recall": 0.806060606060606, "Precision": 0.07313720098982678, "F1": 0.13410637761532643}