{"ROC AUC": 0.8423718396604819, "PR AUC": 0.22022898925334627, "Recall": 0.6454545454545455, "Precision": 0.12227324913892078, "F1": 0.20559845559845558}