{"ROC AUC": 0.7750936456796833, "PR AUC": 0.11542861244364586, "Recall": 0.25757575757575757, "Precision": 0.09071504802561366, "F1": 0.13417521704814522}