{"ROC AUC": 0.7594504957408184, "PR AUC": 0.06541271943232099, "Recall": 0.5066666666666667, "Precision": 0.03817177297840281, "F1": 0.07099486221391872}