{"ROC AUC": 0.8764917609272448, "PR AUC": 0.20634876825005533, "Recall": 0.78, "Precision": 0.06174142480211082, "F1": 0.11442542787286063}