{"ROC AUC": 0.8620515010181962, "PR AUC": 0.2438787847148215, "Recall": 0.8338461538461538, "Precision": 0.07942555685814771, "F1": 0.14503612523414505}