{"ROC AUC": 0.8604458590270357, "PR AUC": 0.11544471986169054, "Recall": 1.0, "Precision": 0.016300422985659754, "F1": 0.032077961628261084}