{"ROC AUC": 0.8647503777179267, "PR AUC": 0.25248863221957824, "Recall": 0.7015384615384616, "Precision": 0.12589729431253452, "F1": 0.21348314606741575}