{"ROC AUC": 0.7980081127241674, "PR AUC": 0.14026691386181664, "Recall": 0.3446153846153846, "Precision": 0.11278952668680765, "F1": 0.16995447647951442}