{"ROC AUC": 0.7891694821875436, "PR AUC": 0.08531978007051301, "Recall": 0.5949367088607594, "Precision": 0.047094188376753505, "F1": 0.0872794800371402}