{"ROC AUC": 0.8725226182020934, "PR AUC": 0.2276633784780707, "Recall": 0.7215189873417721, "Precision": 0.0625, "F1": 0.11503531786074672}