{"ROC AUC": 0.85219174402909, "PR AUC": 0.22683481933940783, "Recall": 0.9225806451612903, "Precision": 0.05621069182389937, "F1": 0.10596517228603186}