{"ROC AUC": 0.8627529395679518, "PR AUC": 0.09942029465255259, "Recall": 1.0, "Precision": 0.014263565891472868, "F1": 0.0281259553653317}