{"ROC AUC": 0.8631793889975483, "PR AUC": 0.2553681693075137, "Recall": 0.7161290322580646, "Precision": 0.13405797101449277, "F1": 0.22583926754832145}