{"ROC AUC": 0.7789346367868654, "PR AUC": 0.11606923067731441, "Recall": 0.3161290322580645, "Precision": 0.1053763440860215, "F1": 0.15806451612903225}