{"ROC AUC": 0.7678470513171087, "PR AUC": 0.03870106571244397, "Recall": 0.5217391304347826, "Precision": 0.036923076923076927, "F1": 0.06896551724137932}