{"ROC AUC": 0.8827450399538176, "PR AUC": 0.17275762068485942, "Recall": 0.7971014492753623, "Precision": 0.0593311758360302, "F1": 0.11044176706827309}