{"ROC AUC": 0.8231630785381323, "PR AUC": 0.22010979137971437, "Recall": 0.6178343949044586, "Precision": 0.11568276684555755, "F1": 0.19487694625816174}