{"ROC AUC": 0.8499577940844132, "PR AUC": 0.10865406057398468, "Recall": 1.0, "Precision": 0.015389382359016731, "F1": 0.030312277489573793}