{"ROC AUC": 0.8288716296703238, "PR AUC": 0.2223531740343733, "Recall": 0.6178343949044586, "Precision": 0.11200923787528869, "F1": 0.18963831867057673}