{"ROC AUC": 0.7863080441889179, "PR AUC": 0.15869047780859308, "Recall": 0.3535031847133758, "Precision": 0.11758474576271187, "F1": 0.17647058823529413}