{"ROC AUC": 0.7857009596477654, "PR AUC": 0.08110658516070741, "Recall": 0.5234899328859061, "Precision": 0.039334341906202726, "F1": 0.07317073170731707}