{"ROC AUC": 0.844361550164494, "PR AUC": 0.2154871191464234, "Recall": 0.610738255033557, "Precision": 0.05272305909617613, "F1": 0.09706666666666666}