{"ROC AUC": 0.8657234261022544, "PR AUC": 0.13148991515353173, "Recall": 1.0, "Precision": 0.015583075335397318, "F1": 0.030687938217660807}