{"ROC AUC": 0.8625090170847234, "PR AUC": 0.2887865439758195, "Recall": 0.8664596273291926, "Precision": 0.08325872873769025, "F1": 0.15191941192485706}