{"ROC AUC": 0.8656815722613257, "PR AUC": 0.2884502651464991, "Recall": 0.7515527950310559, "Precision": 0.12927350427350429, "F1": 0.2206016408386509}