{"ROC AUC": 0.7871997841203834, "PR AUC": 0.1418307874838405, "Recall": 0.35093167701863354, "Precision": 0.11661506707946337, "F1": 0.17505809450038728}