{"ROC AUC": 0.7706984016123423, "PR AUC": 0.08608110798109102, "Recall": 0.5562913907284768, "Precision": 0.04221105527638191, "F1": 0.07846800560485755}