{"ROC AUC": 0.8655693010707526, "PR AUC": 0.21288598361332764, "Recall": 0.695364238410596, "Precision": 0.05514705882352941, "F1": 0.1021897810218978}