{"ROC AUC": 0.8087615408281505, "PR AUC": 0.15406541201805482, "Recall": 0.898989898989899, "Precision": 0.05205693117566777, "F1": 0.09841503870254331}