{"ROC AUC": 0.8362682518272596, "PR AUC": 0.09608491530744508, "Recall": 1.0, "Precision": 0.014479166666666666, "F1": 0.02854502515658692}