{"ROC AUC": 0.8102027965392611, "PR AUC": 0.15572103275208662, "Recall": 0.5353535353535354, "Precision": 0.09671532846715329, "F1": 0.16383307573415767}