{"ROC AUC": 0.7686993044593387, "PR AUC": 0.1044728718427318, "Recall": 0.39057239057239057, "Precision": 0.1187308085977482, "F1": 0.18210361067503925}