{"ROC AUC": 0.7825496898303318, "PR AUC": 0.04103560142132924, "Recall": 0.5683453237410072, "Precision": 0.04018311291963377, "F1": 0.07505938242280284}