{"ROC AUC": 0.8509875282641827, "PR AUC": 0.1572343493365868, "Recall": 0.7050359712230215, "Precision": 0.05747800586510264, "F1": 0.10629067245119306}