{"ROC AUC": 0.8564035304884323, "PR AUC": 0.26517691459964843, "Recall": 0.9153094462540716, "Precision": 0.059546514091968636, "F1": 0.11181854357341822}