{"ROC AUC": 0.8652762162065695, "PR AUC": 0.12495436490230023, "Recall": 1.0, "Precision": 0.01582049426119326, "F1": 0.031148208469055375}