{"ROC AUC": 0.8521420206566397, "PR AUC": 0.24813947234714404, "Recall": 0.7100977198697068, "Precision": 0.11997798569069895, "F1": 0.20527306967984935}