{"ROC AUC": 0.7993117814613195, "PR AUC": 0.1299697575663857, "Recall": 0.3811074918566775, "Precision": 0.12086776859504132, "F1": 0.1835294117647059}