{"ROC AUC": 0.7833764395627326, "PR AUC": 0.04401693837732561, "Recall": 0.5686274509803921, "Precision": 0.04356534802203305, "F1": 0.08093023255813954}