{"ROC AUC": 0.87885261925256, "PR AUC": 0.199158418400081, "Recall": 0.7843137254901961, "Precision": 0.06335797254487856, "F1": 0.11724474841231068}