{"ROC AUC": 0.8811758735078641, "PR AUC": 0.125873322815508, "Recall": 1.0, "Precision": 0.013551256853211959, "F1": 0.026740151051234947}