{"ROC AUC": 0.8698533254886056, "PR AUC": 0.248571292437996, "Recall": 0.8695652173913043, "Precision": 0.08600727753886868, "F1": 0.15653220951234198}