{"ROC AUC": 0.8700621770833035, "PR AUC": 0.24535922343431327, "Recall": 0.7190635451505016, "Precision": 0.11128364389233955, "F1": 0.1927386822052891}