{"ROC AUC": 0.7748936820429042, "PR AUC": 0.09300006475295869, "Recall": 0.3411371237458194, "Precision": 0.10450819672131148, "F1": 0.15999999999999998}