{"ROC AUC": 0.7712169072442235, "PR AUC": 0.08021577503491192, "Recall": 0.5419847328244275, "Precision": 0.035840484603735484, "F1": 0.06723484848484848}