{"ROC AUC": 0.8709262449408268, "PR AUC": 0.1884877241184297, "Recall": 0.7480916030534351, "Precision": 0.051255230125523014, "F1": 0.09593734703866863}