{"ROC AUC": 0.848252654611986, "PR AUC": 0.09664657945693557, "Recall": 1.0, "Precision": 0.015139031925849639, "F1": 0.029826519224916304}