{"ROC AUC": 0.8229798717545358, "PR AUC": 0.24284209815495483, "Recall": 0.6754385964912281, "Precision": 0.1110576923076923, "F1": 0.19075144508670516}