{"ROC AUC": 0.8350612511923133, "PR AUC": 0.2456491502922625, "Recall": 0.6374269005847953, "Precision": 0.12457142857142857, "F1": 0.2084130019120459}