{"ROC AUC": 0.7909486256560845, "PR AUC": 0.13861608938142725, "Recall": 0.34210526315789475, "Precision": 0.12341772151898735, "F1": 0.1813953488372093}