{"ROC AUC": 0.7855702356232674, "PR AUC": 0.05345405843848487, "Recall": 0.5850340136054422, "Precision": 0.04378818737270876, "F1": 0.08147797252486973}