{"ROC AUC": 0.8435335024943785, "PR AUC": 0.14677145110696166, "Recall": 0.6394557823129252, "Precision": 0.05377574370709382, "F1": 0.09920844327176782}