{"ROC AUC": 0.8339758950794303, "PR AUC": 0.0958050561573885, "Recall": 1.0, "Precision": 0.01646354500748343, "F1": 0.032393773664282706}