{"ROC AUC": 0.830225753515603, "PR AUC": 0.25322317405927214, "Recall": 0.8871473354231975, "Precision": 0.08493397358943577, "F1": 0.1550260202684196}