{"ROC AUC": 0.8333130325606546, "PR AUC": 0.26471021451655724, "Recall": 0.6112852664576802, "Precision": 0.12491992312620115, "F1": 0.2074468085106383}