{"ROC AUC": 0.7668170708528199, "PR AUC": 0.11602593842165039, "Recall": 0.3166144200626959, "Precision": 0.10488058151609553, "F1": 0.15756630265210606}