{"ROC AUC": 0.7544309514046218, "PR AUC": 0.042174413150626464, "Recall": 0.525974025974026, "Precision": 0.04027846842366982, "F1": 0.0748267898383372}