{"ROC AUC": 0.8337749526252621, "PR AUC": 0.16562449101849597, "Recall": 0.6168831168831169, "Precision": 0.057367149758454104, "F1": 0.10497237569060773}