{"ROC AUC": 0.8503662492636966, "PR AUC": 0.21262184663637257, "Recall": 0.858085808580858, "Precision": 0.09399855386840203, "F1": 0.16943629846855654}