{"ROC AUC": 0.852587874819491, "PR AUC": 0.08396999128853318, "Recall": 1.0, "Precision": 0.014683073105159756, "F1": 0.028941200448384795}