{"ROC AUC": 0.8522351914952384, "PR AUC": 0.20167937727337537, "Recall": 0.6435643564356436, "Precision": 0.13978494623655913, "F1": 0.22968197879858654}