{"ROC AUC": 0.786570143991342, "PR AUC": 0.10731427296704833, "Recall": 0.35313531353135313, "Precision": 0.10996916752312436, "F1": 0.16771159874608152}