{"ROC AUC": 0.7630406217343941, "PR AUC": 0.03923617789629459, "Recall": 0.5140845070422535, "Precision": 0.03640897755610972, "F1": 0.0680018630647415}