{"ROC AUC": 0.8387287731003504, "PR AUC": 0.12169088479483059, "Recall": 0.6126760563380281, "Precision": 0.0577305905773059, "F1": 0.1055184960582171}