{"ROC AUC": 0.8611635353026497, "PR AUC": 0.15705429512550065, "Recall": 1.0, "Precision": 0.015985973597359735, "F1": 0.03146888640747132}