{"ROC AUC": 0.8526115759930015, "PR AUC": 0.27588158967703885, "Recall": 0.6798780487804879, "Precision": 0.12185792349726776, "F1": 0.2066728452270621}