{"ROC AUC": 0.8591016251484034, "PR AUC": 0.27882776743296905, "Recall": 0.6798780487804879, "Precision": 0.1264172335600907, "F1": 0.21319311663479926}