{"ROC AUC": 0.8008701781883318, "PR AUC": 0.16648984266573572, "Recall": 0.4329268292682927, "Precision": 0.14285714285714285, "F1": 0.21482602118003025}