{"ROC AUC": 0.7825730041146698, "PR AUC": 0.09462058580729024, "Recall": 0.5483870967741935, "Precision": 0.042735042735042736, "F1": 0.07929104477611941}