{"ROC AUC": 0.8316515141781987, "PR AUC": 0.23937176008144345, "Recall": 0.6516129032258065, "Precision": 0.05686936936936937, "F1": 0.10460901087519421}