{"ROC AUC": 0.9107014717090129, "PR AUC": 0.19027866568910012, "Recall": 1.0, "Precision": 0.015621767018415063, "F1": 0.030762962208413975}