{"ROC AUC": 0.9040976994366083, "PR AUC": 0.27267080831585094, "Recall": 0.9463087248322147, "Precision": 0.08077914637639645, "F1": 0.14885193982581157}