{"ROC AUC": 0.902541638248729, "PR AUC": 0.27366030683660975, "Recall": 0.8355704697986577, "Precision": 0.11081441922563418, "F1": 0.19567779960707268}