{"ROC AUC": 0.8334772737693361, "PR AUC": 0.17214184014783537, "Recall": 0.4429530201342282, "Precision": 0.13441955193482688, "F1": 0.20625}