{"ROC AUC": 0.8248627994139612, "PR AUC": 0.119379525106101, "Recall": 0.6887417218543046, "Precision": 0.05163853028798411, "F1": 0.09607390300230946}