{"ROC AUC": 0.9088055457921094, "PR AUC": 0.27252251875897326, "Recall": 0.847682119205298, "Precision": 0.05616498464238701, "F1": 0.10534979423868313}