{"ROC AUC": 0.8678382573428985, "PR AUC": 0.27545723594749144, "Recall": 0.8664495114006515, "Precision": 0.07198917456021652, "F1": 0.13293353323338333}