{"ROC AUC": 0.8801283676657456, "PR AUC": 0.12233380723865474, "Recall": 1.0, "Precision": 0.014883720930232559, "F1": 0.02933088909257562}