{"ROC AUC": 0.869392512315819, "PR AUC": 0.2838158824546265, "Recall": 0.7068403908794788, "Precision": 0.11598075895243186, "F1": 0.1992653810835629}