{"ROC AUC": 0.80120174855423, "PR AUC": 0.1320603231115243, "Recall": 0.3257328990228013, "Precision": 0.0992063492063492, "F1": 0.1520912547528517}