{"ROC AUC": 0.7878264930810571, "PR AUC": 0.05231859976911142, "Recall": 0.5972222222222222, "Precision": 0.04285002491280518, "F1": 0.07996280799628079}