{"ROC AUC": 0.8934088617260634, "PR AUC": 0.20441893968653446, "Recall": 0.8611111111111112, "Precision": 0.06087383406971036, "F1": 0.11370930765703804}