{"ROC AUC": 0.8717647223738965, "PR AUC": 0.14936293090581115, "Recall": 1.0, "Precision": 0.016187235797504897, "F1": 0.03185876623376623}