{"ROC AUC": 0.8775970650230521, "PR AUC": 0.28453641340962077, "Recall": 0.918429003021148, "Precision": 0.07573492775286497, "F1": 0.13993095512082854}