{"ROC AUC": 0.87634513326849, "PR AUC": 0.2800902897136724, "Recall": 0.7552870090634441, "Precision": 0.12703252032520326, "F1": 0.2174858634188778}