{"ROC AUC": 0.822058637619614, "PR AUC": 0.15981487214861434, "Recall": 0.37462235649546827, "Precision": 0.1269191402251791, "F1": 0.18960244648318042}