{"ROC AUC": 0.8066880315921431, "PR AUC": 0.08627094630106565, "Recall": 0.6305732484076433, "Precision": 0.049798792756539235, "F1": 0.0923076923076923}