{"ROC AUC": 0.8726658674288797, "PR AUC": 0.2118835879217508, "Recall": 0.7707006369426752, "Precision": 0.05905319668130796, "F1": 0.10970081595648233}