{"ROC AUC": 0.8797748794571872, "PR AUC": 0.14524378168228716, "Recall": 1.0, "Precision": 0.016816259156092025, "F1": 0.0330762987012987}