{"ROC AUC": 0.8701882020626683, "PR AUC": 0.2718572770110617, "Recall": 0.8984615384615384, "Precision": 0.08498253783469151, "F1": 0.15527785163520338}