{"ROC AUC": 0.8596938842540891, "PR AUC": 0.26833740330631406, "Recall": 0.6984615384615385, "Precision": 0.12171581769436997, "F1": 0.20730593607305933}