{"ROC AUC": 0.8096575904880773, "PR AUC": 0.1707711131664833, "Recall": 0.48307692307692307, "Precision": 0.15272373540856032, "F1": 0.23207686622320767}