{"ROC AUC": 0.7983484508075885, "PR AUC": 0.09611869066104868, "Recall": 0.656441717791411, "Precision": 0.05232273838630807, "F1": 0.09692028985507246}