{"ROC AUC": 0.8615379911033288, "PR AUC": 0.22438740803142465, "Recall": 0.7239263803680982, "Precision": 0.05891163255117324, "F1": 0.10895660203139426}