{"ROC AUC": 0.8851626729585467, "PR AUC": 0.1521369272093948, "Recall": 1.0, "Precision": 0.016821465428276575, "F1": 0.03308636963361413}