{"ROC AUC": 0.8710301621484, "PR AUC": 0.2610966352830195, "Recall": 0.8664596273291926, "Precision": 0.08249556475458308, "F1": 0.15064794816414684}