{"ROC AUC": 0.8682302247375764, "PR AUC": 0.2585122876006523, "Recall": 0.6832298136645962, "Precision": 0.11634056054997356, "F1": 0.19882512426570265}