{"ROC AUC": 0.8009912826007395, "PR AUC": 0.17973076392935589, "Recall": 0.3944099378881988, "Precision": 0.12815338042381433, "F1": 0.19345011424219347}