{"ROC AUC": 0.7886246450997199, "PR AUC": 0.0869723386432678, "Recall": 0.5766871165644172, "Precision": 0.046328240512567766, "F1": 0.08576642335766423}