{"ROC AUC": 0.8908513807383729, "PR AUC": 0.26606158436180605, "Recall": 0.7791411042944786, "Precision": 0.06204201270151441, "F1": 0.11493212669683257}