{"ROC AUC": 0.8591069809490675, "PR AUC": 0.2117230650763022, "Recall": 0.9197530864197531, "Precision": 0.07511973783715654, "F1": 0.1388953623863901}