{"ROC AUC": 0.8688861003848268, "PR AUC": 0.10698714330876971, "Recall": 1.0, "Precision": 0.016405282707387538, "F1": 0.03228098670185768}