{"ROC AUC": 0.8630875662881783, "PR AUC": 0.2270258658509307, "Recall": 0.6481481481481481, "Precision": 0.13401403956604976, "F1": 0.22210470650449496}