{"ROC AUC": 0.8056076108844398, "PR AUC": 0.1340295140037507, "Recall": 0.3950617283950617, "Precision": 0.12698412698412698, "F1": 0.1921921921921922}