{"ROC AUC": 0.7753998523500294, "PR AUC": 0.04657975955999664, "Recall": 0.5534591194968553, "Precision": 0.044966785896780784, "F1": 0.08317580340264649}