{"ROC AUC": 0.8723484196241194, "PR AUC": 0.18086094453351284, "Recall": 0.6981132075471698, "Precision": 0.0625, "F1": 0.11472868217054263}