{"ROC AUC": 0.8921632623744911, "PR AUC": 0.1365695892330049, "Recall": 1.0, "Precision": 0.015392561983471074, "F1": 0.030318445416624273}