{"ROC AUC": 0.8811088347675666, "PR AUC": 0.29301810316666743, "Recall": 0.8205128205128205, "Precision": 0.08722316865417376, "F1": 0.15768401601478285}