{"ROC AUC": 0.881252189669141, "PR AUC": 0.29098550165135495, "Recall": 0.7307692307692307, "Precision": 0.1165644171779141, "F1": 0.20105820105820105}