{"ROC AUC": 0.8032813218485186, "PR AUC": 0.142128345020905, "Recall": 0.36538461538461536, "Precision": 0.1168032786885246, "F1": 0.17701863354037267}