{"ROC AUC": 0.7930356540543433, "PR AUC": 0.05896092444519055, "Recall": 0.6308724832214765, "Precision": 0.0466038671294001, "F1": 0.08679593721144968}