{"ROC AUC": 0.895196810971475, "PR AUC": 0.23712024612960914, "Recall": 0.785234899328859, "Precision": 0.054141601110596946, "F1": 0.1012987012987013}