{"ROC AUC": 0.8427541408411248, "PR AUC": 0.11062392511786687, "Recall": 1.0, "Precision": 0.01563966218329684, "F1": 0.030797659377887282}