{"ROC AUC": 0.8153504118069288, "PR AUC": 0.21643641546776762, "Recall": 0.9235880398671097, "Precision": 0.050426265191365865, "F1": 0.09563123495012041}