{"ROC AUC": 0.8239528925783965, "PR AUC": 0.22128388921709322, "Recall": 0.6179401993355482, "Precision": 0.10158383397050792, "F1": 0.17448405253283303}