{"ROC AUC": 0.7738250097171115, "PR AUC": 0.10906815737209119, "Recall": 0.4053156146179402, "Precision": 0.12734864300626306, "F1": 0.19380460683081813}