{"ROC AUC": 0.7656809188640263, "PR AUC": 0.048631273554929536, "Recall": 0.5533333333333333, "Precision": 0.041666666666666664, "F1": 0.07749766573295985}