{"ROC AUC": 0.8607378226004132, "PR AUC": 0.20707346800672896, "Recall": 0.7266666666666667, "Precision": 0.056682267290691625, "F1": 0.10516160154365654}