{"ROC AUC": 0.8625931923906692, "PR AUC": 0.23478693750901083, "Recall": 0.8848684210526315, "Precision": 0.06936565239814338, "F1": 0.1286465805834529}