{"ROC AUC": 0.864103388259166, "PR AUC": 0.10623729233239075, "Recall": 1.0, "Precision": 0.0148975791433892, "F1": 0.029357798165137616}