{"ROC AUC": 0.8641466329947414, "PR AUC": 0.22970040476187514, "Recall": 0.7105263157894737, "Precision": 0.12189616252821671, "F1": 0.20809248554913296}