{"ROC AUC": 0.787696567823273, "PR AUC": 0.12095023903571114, "Recall": 0.3815789473684211, "Precision": 0.11588411588411589, "F1": 0.17777777777777778}