{"ROC AUC": 0.7807168491696987, "PR AUC": 0.0450946721308478, "Recall": 0.5555555555555556, "Precision": 0.03933136676499508, "F1": 0.07346189164370982}