{"ROC AUC": 0.8775855810943185, "PR AUC": 0.19905672321388984, "Recall": 0.7777777777777778, "Precision": 0.059290629962943354, "F1": 0.11018199704869651}