{"ROC AUC": 0.8641312786274358, "PR AUC": 0.2962392747991193, "Recall": 0.7648902821316614, "Precision": 0.09898580121703854, "F1": 0.1752873563218391}