{"ROC AUC": 0.8792466537513209, "PR AUC": 0.13349680419708534, "Recall": 1.0, "Precision": 0.0172395994631981, "F1": 0.03389486502942967}