{"ROC AUC": 0.8628131784585156, "PR AUC": 0.28049976625758727, "Recall": 0.7021943573667712, "Precision": 0.11883289124668435, "F1": 0.20326678765880218}