{"ROC AUC": 0.804189677927126, "PR AUC": 0.14675376484608593, "Recall": 0.3605015673981191, "Precision": 0.11917098445595854, "F1": 0.1791277258566978}