{"ROC AUC": 0.7765941855784231, "PR AUC": 0.05072679030640947, "Recall": 0.5269461077844312, "Precision": 0.04371584699453552, "F1": 0.08073394495412843}