{"ROC AUC": 0.8794517058320335, "PR AUC": 0.2035200531583205, "Recall": 0.7485029940119761, "Precision": 0.06496881496881497, "F1": 0.11956001912960307}