{"ROC AUC": 0.8482517375666493, "PR AUC": 0.09413239781232086, "Recall": 1.0, "Precision": 0.016313887454827054, "F1": 0.03210403332317383}