{"ROC AUC": 0.8280480971533404, "PR AUC": 0.19150274561147712, "Recall": 0.8769716088328076, "Precision": 0.08310911808669656, "F1": 0.15182960131075915}