{"ROC AUC": 0.8295112295834939, "PR AUC": 0.20198552760527005, "Recall": 0.5772870662460567, "Precision": 0.10958083832335329, "F1": 0.18419728233517862}