{"ROC AUC": 0.7554785806840927, "PR AUC": 0.09476003383035018, "Recall": 0.31230283911671924, "Precision": 0.09939759036144578, "F1": 0.1507996953541508}