{"ROC AUC": 0.7446913037297063, "PR AUC": 0.04322440920330416, "Recall": 0.4873417721518987, "Precision": 0.03802469135802469, "F1": 0.07054512139257901}