{"ROC AUC": 0.8400259489020545, "PR AUC": 0.15448462530861878, "Recall": 0.6582278481012658, "Precision": 0.05810055865921788, "F1": 0.10677618069815194}