{"ROC AUC": 0.861178738699628, "PR AUC": 0.10221017954244871, "Recall": 1.0, "Precision": 0.01677645121449156, "F1": 0.03299929142625772}