{"ROC AUC": 0.8449263572739677, "PR AUC": 0.22743059364343282, "Recall": 0.7126436781609196, "Precision": 0.0999194198227236, "F1": 0.17526501766784452}