{"ROC AUC": 0.8442917071566693, "PR AUC": 0.2282762772438395, "Recall": 0.6609195402298851, "Precision": 0.13411078717201166, "F1": 0.22297624818225886}