{"ROC AUC": 0.779535769849917, "PR AUC": 0.15053071315809055, "Recall": 0.32471264367816094, "Precision": 0.11554192229038855, "F1": 0.17043740573152338}