{"ROC AUC": 0.7566338008360205, "PR AUC": 0.052846951942134145, "Recall": 0.5030674846625767, "Precision": 0.04110275689223058, "F1": 0.07599629286376275}