{"ROC AUC": 0.8670272852969452, "PR AUC": 0.19136700139121363, "Recall": 0.6809815950920245, "Precision": 0.06274731486715658, "F1": 0.11490683229813665}