{"ROC AUC": 0.8580986739626966, "PR AUC": 0.11039864030013015, "Recall": 1.0, "Precision": 0.01478188960099235, "F1": 0.02913313639604767}