{"ROC AUC": 0.8370603863520928, "PR AUC": 0.24014314119710137, "Recall": 0.761437908496732, "Precision": 0.07933265236636024, "F1": 0.14369411039161273}