{"ROC AUC": 0.8384166931788372, "PR AUC": 0.23429027999556606, "Recall": 0.6535947712418301, "Precision": 0.11325028312570781, "F1": 0.19305019305019305}