{"ROC AUC": 0.783366787506349, "PR AUC": 0.11801523871273935, "Recall": 0.29411764705882354, "Precision": 0.096051227321238, "F1": 0.14481094127111827}