{"ROC AUC": 0.7810699425430304, "PR AUC": 0.08228845529724532, "Recall": 0.5524475524475524, "Precision": 0.040244523688232295, "F1": 0.07502374169040836}