{"ROC AUC": 0.863724775906079, "PR AUC": 0.20755649679580984, "Recall": 0.7202797202797203, "Precision": 0.057541899441340784, "F1": 0.1065700982928091}