{"ROC AUC": 0.8543394636857796, "PR AUC": 0.2704919482813569, "Recall": 0.9221556886227545, "Precision": 0.08591352859135286, "F1": 0.1571829548354172}