{"ROC AUC": 0.8880101213978432, "PR AUC": 0.12030800007425968, "Recall": 1.0, "Precision": 0.01463615749330035, "F1": 0.028850060950832996}