{"ROC AUC": 0.8536114150861386, "PR AUC": 0.2908320652277982, "Recall": 0.6167664670658682, "Precision": 0.10723581467985424, "F1": 0.18270509977827049}