{"ROC AUC": 0.7771771785208405, "PR AUC": 0.1573851293474165, "Recall": 0.39221556886227543, "Precision": 0.13073852295409183, "F1": 0.19610778443113772}