{"ROC AUC": 0.7789119128999942, "PR AUC": 0.047637320174679164, "Recall": 0.5633802816901409, "Precision": 0.03970223325062035, "F1": 0.07417709782104774}