{"ROC AUC": 0.8836956361600565, "PR AUC": 0.21837560031412198, "Recall": 0.7887323943661971, "Precision": 0.056795131845841784, "F1": 0.10596026490066225}