{"ROC AUC": 0.852831166569284, "PR AUC": 0.23463443806983894, "Recall": 0.8848684210526315, "Precision": 0.08913187541418158, "F1": 0.16195063214930766}