{"ROC AUC": 0.8688554034565278, "PR AUC": 0.15325507028565005, "Recall": 1.0, "Precision": 0.014371381306865178, "F1": 0.02833554173886454}