{"ROC AUC": 0.8546929075464066, "PR AUC": 0.23780297933107508, "Recall": 0.6677631578947368, "Precision": 0.10044532409698169, "F1": 0.17462365591397846}