{"ROC AUC": 0.7720445300912401, "PR AUC": 0.14841489340517286, "Recall": 0.34210526315789475, "Precision": 0.10441767068273092, "F1": 0.15999999999999998}