{"ROC AUC": 0.7647180902084165, "PR AUC": 0.10050279016449279, "Recall": 0.539568345323741, "Precision": 0.03714710252600297, "F1": 0.06950880444856349}