{"ROC AUC": 0.8639289344775098, "PR AUC": 0.19263045925720168, "Recall": 0.7338129496402878, "Precision": 0.05130784708249497, "F1": 0.09590973201692525}