{"ROC AUC": 0.8820488989980516, "PR AUC": 0.12403245476073745, "Recall": 1.0, "Precision": 0.01585667215815486, "F1": 0.03121832556253801}