{"ROC AUC": 0.8744107227970528, "PR AUC": 0.26787277273813054, "Recall": 0.8488372093023255, "Precision": 0.09413281753707285, "F1": 0.1694718514219385}