{"ROC AUC": 0.8722391788969872, "PR AUC": 0.272395761197404, "Recall": 0.7267441860465116, "Precision": 0.1403705783267827, "F1": 0.23529411764705882}