{"ROC AUC": 0.8203433757670844, "PR AUC": 0.1663263636416793, "Recall": 0.39244186046511625, "Precision": 0.13677811550151975, "F1": 0.20285499624342596}