{"ROC AUC": 0.8012581423598373, "PR AUC": 0.09024742968189288, "Recall": 0.5909090909090909, "Precision": 0.045251118846345105, "F1": 0.0840646651270208}