{"ROC AUC": 0.8894371479117242, "PR AUC": 0.23588708273136447, "Recall": 0.7922077922077922, "Precision": 0.06311433005690636, "F1": 0.11691423095352181}