{"ROC AUC": 0.9112226017648732, "PR AUC": 0.3378684279298809, "Recall": 0.9197530864197531, "Precision": 0.09400630914826498, "F1": 0.17057813394390384}