{"ROC AUC": 0.8958284358849863, "PR AUC": 0.12997679271599036, "Recall": 1.0, "Precision": 0.014754436648782501, "F1": 0.029079816980172854}