{"ROC AUC": 0.910792651105418, "PR AUC": 0.3491169602999138, "Recall": 0.7932098765432098, "Precision": 0.12116925978312117, "F1": 0.2102249488752556}