{"ROC AUC": 0.8364311195981065, "PR AUC": 0.17007794430202428, "Recall": 0.4722222222222222, "Precision": 0.14488636363636365, "F1": 0.2217391304347826}