{"ROC AUC": 0.7980530308522769, "PR AUC": 0.05328886196278656, "Recall": 0.6083916083916084, "Precision": 0.04227405247813411, "F1": 0.07905497501135847}