{"ROC AUC": 0.8946435280082783, "PR AUC": 0.22327846822848346, "Recall": 0.8251748251748252, "Precision": 0.05465493283927744, "F1": 0.10251954821894005}