{"ROC AUC": 0.8636251192016493, "PR AUC": 0.12184727501036254, "Recall": 1.0, "Precision": 0.013818706816541198, "F1": 0.02726070593022073}