{"ROC AUC": 0.861227122533153, "PR AUC": 0.3042800173735058, "Recall": 0.790273556231003, "Precision": 0.10612244897959183, "F1": 0.18711766822598055}