{"ROC AUC": 0.8644603370719438, "PR AUC": 0.3098117070033148, "Recall": 0.6930091185410334, "Precision": 0.1264559068219634, "F1": 0.21388367729831145}