{"ROC AUC": 0.807198696201776, "PR AUC": 0.21688784804938716, "Recall": 0.41033434650455924, "Precision": 0.13747454175152748, "F1": 0.20594965675057206}