{"ROC AUC": 0.7889725012915138, "PR AUC": 0.09506395675497178, "Recall": 0.5671641791044776, "Precision": 0.03709126403123475, "F1": 0.0696289509848832}