{"ROC AUC": 0.8532766211814504, "PR AUC": 0.20266797177707524, "Recall": 0.7164179104477612, "Precision": 0.05360134003350084, "F1": 0.09974025974025974}