{"ROC AUC": 0.8705658218701494, "PR AUC": 0.11890661968936363, "Recall": 1.0, "Precision": 0.01622403637490958, "F1": 0.03193003864144804}