{"ROC AUC": 0.851639817708981, "PR AUC": 0.22189044450778717, "Recall": 0.8155339805825242, "Precision": 0.08615384615384615, "F1": 0.15584415584415587}