{"ROC AUC": 0.8516025082978895, "PR AUC": 0.22152703498725132, "Recall": 0.6893203883495146, "Precision": 0.1127580730545262, "F1": 0.1938125568698817}