{"ROC AUC": 0.7741231252020926, "PR AUC": 0.13547212244621978, "Recall": 0.35275080906148865, "Precision": 0.11213991769547325, "F1": 0.17017954722872758}