{"ROC AUC": 0.7710040544880373, "PR AUC": 0.07324836789064089, "Recall": 0.554140127388535, "Precision": 0.043850806451612906, "F1": 0.08127043437645962}