{"ROC AUC": 0.8724512257132152, "PR AUC": 0.21547347779729836, "Recall": 0.7133757961783439, "Precision": 0.0611353711790393, "F1": 0.11261940673705378}