{"ROC AUC": 0.8821886233193652, "PR AUC": 0.24226936601895682, "Recall": 0.8546511627906976, "Precision": 0.09398976982097186, "F1": 0.1693548387096774}