{"ROC AUC": 0.8888373628396672, "PR AUC": 0.11306610380502055, "Recall": 1.0, "Precision": 0.016989291598023065, "F1": 0.03341095474334312}