{"ROC AUC": 0.884828113518559, "PR AUC": 0.24431178238493245, "Recall": 0.7848837209302325, "Precision": 0.14338821030270846, "F1": 0.24247867085765604}