{"ROC AUC": 0.8152480984251187, "PR AUC": 0.11846830535486334, "Recall": 0.3808139534883721, "Precision": 0.1288102261553589, "F1": 0.19250551065393093}