{"ROC AUC": 0.787790865605886, "PR AUC": 0.07938477443000932, "Recall": 0.5454545454545454, "Precision": 0.044642857142857144, "F1": 0.08253094910591473}