{"ROC AUC": 0.898556424197987, "PR AUC": 0.18357662759547752, "Recall": 0.8242424242424242, "Precision": 0.06384976525821597, "F1": 0.11851851851851852}