{"ROC AUC": 0.853881611795167, "PR AUC": 0.2832821151133622, "Recall": 0.8690095846645367, "Precision": 0.06724351050679851, "F1": 0.12482790270766406}