{"ROC AUC": 0.8514375982770541, "PR AUC": 0.12456044741386565, "Recall": 1.0, "Precision": 0.014160206718346254, "F1": 0.027924989808397884}