{"ROC AUC": 0.8603129953645474, "PR AUC": 0.2871172204655286, "Recall": 0.6741214057507987, "Precision": 0.12470449172576832, "F1": 0.2104738154613466}