{"ROC AUC": 0.8070397355691183, "PR AUC": 0.15927695817521437, "Recall": 0.4249201277955272, "Precision": 0.13811007268951195, "F1": 0.2084639498432602}