{"ROC AUC": 0.7887441033767537, "PR AUC": 0.054389647331065584, "Recall": 0.5693430656934306, "Precision": 0.03959390862944162, "F1": 0.07403891789273848}