{"ROC AUC": 0.8648430473381832, "PR AUC": 0.18626527335727625, "Recall": 0.7007299270072993, "Precision": 0.053126729385722195, "F1": 0.09876543209876544}