{"ROC AUC": 0.8490922977318541, "PR AUC": 0.13874937872296397, "Recall": 1.0, "Precision": 0.014208670400331882, "F1": 0.02801922486961857}