{"ROC AUC": 0.8372566391374614, "PR AUC": 0.30267101103628424, "Recall": 0.8794788273615635, "Precision": 0.06487265737626141, "F1": 0.12083240098456029}