{"ROC AUC": 0.8380528905665415, "PR AUC": 0.3016543743632742, "Recall": 0.6547231270358306, "Precision": 0.11317567567567567, "F1": 0.19299087854056649}