{"ROC AUC": 0.7823669251760098, "PR AUC": 0.17457561145696507, "Recall": 0.34201954397394135, "Precision": 0.109717868338558, "F1": 0.1661392405063291}