{"ROC AUC": 0.76592324516762, "PR AUC": 0.09031952269423811, "Recall": 0.5474452554744526, "Precision": 0.03766951280763436, "F1": 0.0704887218045113}