{"ROC AUC": 0.8653943580269777, "PR AUC": 0.17893603637707922, "Recall": 0.7445255474452555, "Precision": 0.05647840531561462, "F1": 0.10499227997941328}