{"ROC AUC": 0.8495945328754843, "PR AUC": 0.13203659705742155, "Recall": 1.0, "Precision": 0.01603890728476821, "F1": 0.0315714431204807}