{"ROC AUC": 0.8406140767300868, "PR AUC": 0.320605960252891, "Recall": 0.7857142857142857, "Precision": 0.09447348767737117, "F1": 0.16866666666666663}