{"ROC AUC": 0.8555691769523315, "PR AUC": 0.3215472642299941, "Recall": 0.6925465838509317, "Precision": 0.1284562211981567, "F1": 0.2167152575315841}