{"ROC AUC": 0.8031590295495171, "PR AUC": 0.19666577839097601, "Recall": 0.40683229813664595, "Precision": 0.1360332294911734, "F1": 0.20389105058365758}