{"ROC AUC": 0.7760522353976014, "PR AUC": 0.0836294418216957, "Recall": 0.5483870967741935, "Precision": 0.04262788365095286, "F1": 0.07910656119125176}