{"ROC AUC": 0.8464915337381802, "PR AUC": 0.20820545975381835, "Recall": 0.6709677419354839, "Precision": 0.05774569683509161, "F1": 0.10633946830265849}