{"ROC AUC": 0.8423332827867653, "PR AUC": 0.2511792663062395, "Recall": 0.897196261682243, "Precision": 0.055024837600305694, "F1": 0.10369036903690369}