{"ROC AUC": 0.8676039526928581, "PR AUC": 0.11816830574377084, "Recall": 1.0, "Precision": 0.015074858027878162, "F1": 0.029701963177703183}