{"ROC AUC": 0.8577855681567264, "PR AUC": 0.2697052170550537, "Recall": 0.6853582554517134, "Precision": 0.13189448441247004, "F1": 0.22121669180492715}