{"ROC AUC": 0.8260579529704091, "PR AUC": 0.17381026446520292, "Recall": 0.411214953271028, "Precision": 0.13510747185261002, "F1": 0.20338983050847456}