{"ROC AUC": 0.8133552672187461, "PR AUC": 0.07960286500089313, "Recall": 0.6301369863013698, "Precision": 0.046890927624872576, "F1": 0.0872865275142315}