{"ROC AUC": 0.8867867719148655, "PR AUC": 0.22474929135608543, "Recall": 0.7534246575342466, "Precision": 0.06097560975609756, "F1": 0.11282051282051282}