{"ROC AUC": 0.8440707302761521, "PR AUC": 0.2555207398279054, "Recall": 0.6840490797546013, "Precision": 0.10904645476772616, "F1": 0.18810628426824128}