{"ROC AUC": 0.8665012265313058, "PR AUC": 0.15090791326646757, "Recall": 1.0, "Precision": 0.016298741489581183, "F1": 0.03207470564352415}