{"ROC AUC": 0.8528478359956619, "PR AUC": 0.26001638051195936, "Recall": 0.696319018404908, "Precision": 0.10662282761860029, "F1": 0.184928716904277}