{"ROC AUC": 0.7759352750258025, "PR AUC": 0.16331844543267657, "Recall": 0.35276073619631904, "Precision": 0.11408730158730158, "F1": 0.1724137931034483}