{"ROC AUC": 0.7674213241228443, "PR AUC": 0.0848289289506601, "Recall": 0.5, "Precision": 0.038256658595641646, "F1": 0.07107512370670266}