{"ROC AUC": 0.8666943653895167, "PR AUC": 0.2557050976447254, "Recall": 0.6962025316455697, "Precision": 0.0556398583712696, "F1": 0.10304449648711944}