{"ROC AUC": 0.8746306444599287, "PR AUC": 0.287515063958976, "Recall": 0.8865030674846626, "Precision": 0.083453652902108, "F1": 0.15254684613354447}