{"ROC AUC": 0.8810177244139508, "PR AUC": 0.1428178438685032, "Recall": 1.0, "Precision": 0.015886115122756343, "F1": 0.03127538586515028}