{"ROC AUC": 0.8773936072676596, "PR AUC": 0.2825255901545256, "Recall": 0.7392638036809815, "Precision": 0.13183807439824946, "F1": 0.22376973073351902}