{"ROC AUC": 0.8060135207703552, "PR AUC": 0.18227563432672408, "Recall": 0.4294478527607362, "Precision": 0.14271151885830785, "F1": 0.21423106350420812}