{"ROC AUC": 0.8009549674644014, "PR AUC": 0.08758081839135239, "Recall": 0.5974025974025974, "Precision": 0.0465587044534413, "F1": 0.0863849765258216}