{"ROC AUC": 0.8779302458547741, "PR AUC": 0.20686926547207718, "Recall": 0.7597402597402597, "Precision": 0.061546554445028934, "F1": 0.11386861313868613}