{"ROC AUC": 0.8604121623744391, "PR AUC": 0.23027173476321255, "Recall": 0.6722408026755853, "Precision": 0.10070140280561123, "F1": 0.17516339869281047}