{"ROC AUC": 0.8741177084464475, "PR AUC": 0.1448977955499953, "Recall": 1.0, "Precision": 0.015413261611668562, "F1": 0.03035859820700896}