{"ROC AUC": 0.8677094727943131, "PR AUC": 0.23465810805217627, "Recall": 0.6454849498327759, "Precision": 0.11227457824316463, "F1": 0.19127849355797819}