{"ROC AUC": 0.8006647192891763, "PR AUC": 0.15291197314501392, "Recall": 0.3210702341137124, "Precision": 0.10355987055016182, "F1": 0.15660685154975532}