{"ROC AUC": 0.8052499608653896, "PR AUC": 0.11046180138454986, "Recall": 0.610738255033557, "Precision": 0.04652351738241309, "F1": 0.08646080760095012}