{"ROC AUC": 0.8538213007921409, "PR AUC": 0.1930125394173408, "Recall": 0.6912751677852349, "Precision": 0.059710144927536235, "F1": 0.10992529348986127}