{"ROC AUC": 0.834556810965863, "PR AUC": 0.2022534903833516, "Recall": 0.8878205128205128, "Precision": 0.07050139984728938, "F1": 0.13062956849799576}