{"ROC AUC": 0.8537151471900908, "PR AUC": 0.10391812414728394, "Recall": 1.0, "Precision": 0.01415289256198347, "F1": 0.027910767036772945}