{"ROC AUC": 0.8432005298999321, "PR AUC": 0.22144045256710904, "Recall": 0.6474358974358975, "Precision": 0.11348314606741573, "F1": 0.1931166347992352}