{"ROC AUC": 0.7772013359718846, "PR AUC": 0.1549916860946245, "Recall": 0.391025641025641, "Precision": 0.122, "F1": 0.18597560975609753}