{"ROC AUC": 0.7747720460061298, "PR AUC": 0.05875494765606477, "Recall": 0.583941605839416, "Precision": 0.039761431411530816, "F1": 0.07445323406235459}