{"ROC AUC": 0.8644946309099574, "PR AUC": 0.200227278210294, "Recall": 0.7299270072992701, "Precision": 0.0536480686695279, "F1": 0.09995002498750626}