{"ROC AUC": 0.8000313410219473, "PR AUC": 0.1849344300131339, "Recall": 0.5084175084175084, "Precision": 0.09798831927319922, "F1": 0.16430903155603918}