{"ROC AUC": 0.841980732177264, "PR AUC": 0.10457811121105794, "Recall": 1.0, "Precision": 0.01557632398753894, "F1": 0.030674846625766874}