{"ROC AUC": 0.801333502977397, "PR AUC": 0.18822829056256346, "Recall": 0.5084175084175084, "Precision": 0.09484924623115577, "F1": 0.1598729486500794}