{"ROC AUC": 0.7499644178764588, "PR AUC": 0.12494310225369076, "Recall": 0.31313131313131315, "Precision": 0.09356136820925554, "F1": 0.14407436096049575}