{"ROC AUC": 0.7505966018567175, "PR AUC": 0.04608211798436593, "Recall": 0.44666666666666666, "Precision": 0.03437660338635198, "F1": 0.06383992377322535}