{"ROC AUC": 0.8439110176913645, "PR AUC": 0.18909979306083838, "Recall": 0.6266666666666667, "Precision": 0.05983450031826862, "F1": 0.10923881464264962}