{"ROC AUC": 0.8603642451477278, "PR AUC": 0.08890373790790934, "Recall": 1.0, "Precision": 0.015389382359016731, "F1": 0.030312277489573793}