{"ROC AUC": 0.8600769253781677, "PR AUC": 0.22445847139566646, "Recall": 0.767515923566879, "Precision": 0.09465828750981932, "F1": 0.16853146853146855}