{"ROC AUC": 0.867312901488738, "PR AUC": 0.23248189512734332, "Recall": 0.6687898089171974, "Precision": 0.12230634828188701, "F1": 0.206794682422452}