{"ROC AUC": 0.7970496527003432, "PR AUC": 0.1502031167244881, "Recall": 0.410828025477707, "Precision": 0.13109756097560976, "F1": 0.19876733436055471}