{"ROC AUC": 0.7593907282157282, "PR AUC": 0.04385097027659036, "Recall": 0.5369127516778524, "Precision": 0.0398406374501992, "F1": 0.07417709782104775}