{"ROC AUC": 0.8653775616597098, "PR AUC": 0.16419302766717125, "Recall": 0.6644295302013423, "Precision": 0.05536912751677853, "F1": 0.10221992772328344}