{"ROC AUC": 0.8840801539897937, "PR AUC": 0.14597407933948695, "Recall": 1.0, "Precision": 0.016908959686565625, "F1": 0.033255601743891305}