{"ROC AUC": 0.8499742647722787, "PR AUC": 0.2868801970369981, "Recall": 0.9003021148036254, "Precision": 0.06890173410404624, "F1": 0.12800687285223367}