{"ROC AUC": 0.8408463213459203, "PR AUC": 0.3009372535127568, "Recall": 0.6797583081570997, "Precision": 0.11166253101736973, "F1": 0.19181585677749358}