{"ROC AUC": 0.7989622382295195, "PR AUC": 0.1801014662176379, "Recall": 0.45317220543806647, "Precision": 0.14925373134328357, "F1": 0.2245508982035928}