{"ROC AUC": 0.7972377121516365, "PR AUC": 0.1066291551791867, "Recall": 0.6219512195121951, "Precision": 0.050746268656716415, "F1": 0.093836246550138}