{"ROC AUC": 0.8760129561180248, "PR AUC": 0.21512830884724876, "Recall": 0.8170731707317073, "Precision": 0.06467181467181467, "F1": 0.11985688729874774}