{"ROC AUC": 0.8058955861172363, "PR AUC": 0.20184301401080618, "Recall": 0.5970149253731343, "Precision": 0.0944733112895607, "F1": 0.1631321370309951}