{"ROC AUC": 0.8204675340207243, "PR AUC": 0.08207129486257496, "Recall": 1.0, "Precision": 0.015350877192982455, "F1": 0.030237580993520516}