{"ROC AUC": 0.8096231056502288, "PR AUC": 0.2085961664836092, "Recall": 0.5164179104477612, "Precision": 0.12005551700208189, "F1": 0.1948198198198198}