{"ROC AUC": 0.7528388161668175, "PR AUC": 0.11959796239622417, "Recall": 0.2835820895522388, "Precision": 0.09654471544715447, "F1": 0.14404852160727824}