{"ROC AUC": 0.748200368468861, "PR AUC": 0.06545108936009367, "Recall": 0.46938775510204084, "Precision": 0.03429423459244533, "F1": 0.06391848077813803}