{"ROC AUC": 0.8051293769914831, "PR AUC": 0.14227946000427552, "Recall": 0.5170068027210885, "Precision": 0.05285118219749652, "F1": 0.09589905362776026}