{"ROC AUC": 0.8577728370504006, "PR AUC": 0.11853657273371479, "Recall": 1.0, "Precision": 0.014563106796116505, "F1": 0.028708133971291867}