{"ROC AUC": 0.8358227221548353, "PR AUC": 0.23087281372643836, "Recall": 0.678343949044586, "Precision": 0.09797608095676173, "F1": 0.1712218649517685}