{"ROC AUC": 0.836685192034681, "PR AUC": 0.22750168959030131, "Recall": 0.6464968152866242, "Precision": 0.12727272727272726, "F1": 0.21267679413305393}