{"ROC AUC": 0.8005862211512834, "PR AUC": 0.1864170495733759, "Recall": 0.40764331210191085, "Precision": 0.1256133464180569, "F1": 0.19204801200300076}