{"ROC AUC": 0.7961202901103933, "PR AUC": 0.06833089851251672, "Recall": 0.5957446808510638, "Precision": 0.04208416833667335, "F1": 0.07861488067384183}