{"ROC AUC": 0.8437690712943987, "PR AUC": 0.1449238294058749, "Recall": 0.6524822695035462, "Precision": 0.05771643663739021, "F1": 0.10605187319884725}