{"ROC AUC": 0.8493900498784315, "PR AUC": 0.24897984823675667, "Recall": 0.8280254777070064, "Precision": 0.08643617021276596, "F1": 0.15653220951234198}