{"ROC AUC": 0.8540985910160527, "PR AUC": 0.10840482215844767, "Recall": 1.0, "Precision": 0.01487296013220409, "F1": 0.02930999389375127}