{"ROC AUC": 0.8485051428633592, "PR AUC": 0.2561807036834186, "Recall": 0.6242038216560509, "Precision": 0.11835748792270531, "F1": 0.19898477157360406}