{"ROC AUC": 0.7892121233960847, "PR AUC": 0.16302030655907349, "Recall": 0.4171974522292994, "Precision": 0.12584053794428435, "F1": 0.19335793357933578}