{"ROC AUC": 0.7749477237249831, "PR AUC": 0.09516428483976062, "Recall": 0.5694444444444444, "Precision": 0.04049382716049383, "F1": 0.07561088059013371}