{"ROC AUC": 0.8627831510216444, "PR AUC": 0.22336625430159998, "Recall": 0.6736111111111112, "Precision": 0.05277475516866159, "F1": 0.09788092835519678}