{"ROC AUC": 0.831543805173346, "PR AUC": 0.2579555939752283, "Recall": 0.8994082840236687, "Precision": 0.05106668906433731, "F1": 0.09664600222540137}