{"ROC AUC": 0.8430127672379205, "PR AUC": 0.11703661343543872, "Recall": 1.0, "Precision": 0.01511700144957548, "F1": 0.029783761729906162}