{"ROC AUC": 0.8358026063800221, "PR AUC": 0.26280436622773024, "Recall": 0.7041420118343196, "Precision": 0.12837108953613807, "F1": 0.21715328467153283}