{"ROC AUC": 0.7977936346318071, "PR AUC": 0.16529447959865365, "Recall": 0.3698224852071006, "Precision": 0.1310272536687631, "F1": 0.1934984520123839}