{"ROC AUC": 0.7858217028715538, "PR AUC": 0.09605841870230004, "Recall": 0.5753424657534246, "Precision": 0.042147516307074764, "F1": 0.0785413744740533}