{"ROC AUC": 0.8634904997993925, "PR AUC": 0.1964188690397429, "Recall": 0.773972602739726, "Precision": 0.05658487731597396, "F1": 0.10545963602426504}