{"ROC AUC": 0.8586439790575916, "PR AUC": 0.11948818228471593, "Recall": 1.0, "Precision": 0.014456836018174308, "F1": 0.028501628664495116}