{"ROC AUC": 0.842660490847659, "PR AUC": 0.23173547467823413, "Recall": 0.922360248447205, "Precision": 0.06503174950733523, "F1": 0.12149723869912046}