{"ROC AUC": 0.8477916098678733, "PR AUC": 0.24687680216324553, "Recall": 0.6521739130434783, "Precision": 0.12131715771230503, "F1": 0.20457866536775451}