{"ROC AUC": 0.7797407985954564, "PR AUC": 0.14114634549140634, "Recall": 0.32298136645962733, "Precision": 0.1102863202545069, "F1": 0.16442687747035573}