{"ROC AUC": 0.788796559461481, "PR AUC": 0.0573364988632641, "Recall": 0.5928571428571429, "Precision": 0.04265159301130524, "F1": 0.07957813998082454}