{"ROC AUC": 0.8334098728496635, "PR AUC": 0.15633069163654242, "Recall": 0.7, "Precision": 0.05305901461829995, "F1": 0.09864116758933066}