{"ROC AUC": 0.8547125713515213, "PR AUC": 0.25438454539304867, "Recall": 0.8699690402476781, "Precision": 0.08494558645707376, "F1": 0.15477829798953455}