{"ROC AUC": 0.8756503562538869, "PR AUC": 0.09874743084994271, "Recall": 1.0, "Precision": 0.014136827984728099, "F1": 0.027879527879527882}