{"ROC AUC": 0.8547112494150432, "PR AUC": 0.26361383779255765, "Recall": 0.6594427244582043, "Precision": 0.11519740400216333, "F1": 0.19613259668508284}