{"ROC AUC": 0.7848707013930567, "PR AUC": 0.13802251882791083, "Recall": 0.3065015479876161, "Precision": 0.10237849017580145, "F1": 0.15348837209302327}