{"ROC AUC": 0.7765956552764234, "PR AUC": 0.04326167411836124, "Recall": 0.5401459854014599, "Precision": 0.03696303696303696, "F1": 0.06919121084618982}