{"ROC AUC": 0.8766496701805642, "PR AUC": 0.17845202658439657, "Recall": 0.7591240875912408, "Precision": 0.05531914893617021, "F1": 0.10312345066931085}