{"ROC AUC": 0.8450626266653377, "PR AUC": 0.12599946132937473, "Recall": 1.0, "Precision": 0.016400249117708116, "F1": 0.032271241830065356}