{"ROC AUC": 0.8215566670733194, "PR AUC": 0.274892398444779, "Recall": 0.6888888888888889, "Precision": 0.07689581856839121, "F1": 0.13834874083519286}