{"ROC AUC": 0.8427158309950795, "PR AUC": 0.28435768682555684, "Recall": 0.6412698412698413, "Precision": 0.10716180371352785, "F1": 0.18363636363636363}