{"ROC AUC": 0.8177259973160912, "PR AUC": 0.17374936670899888, "Recall": 0.4793650793650794, "Precision": 0.14299242424242425, "F1": 0.22027716994894236}