{"ROC AUC": 0.7865121764842686, "PR AUC": 0.055487700558871526, "Recall": 0.5569620253164557, "Precision": 0.043243243243243246, "F1": 0.08025535795713636}