{"ROC AUC": 0.8650473437655736, "PR AUC": 0.21969563594575833, "Recall": 0.7088607594936709, "Precision": 0.05734767025089606, "F1": 0.10611084793936523}