{"ROC AUC": 0.8675486979645224, "PR AUC": 0.20851688274350727, "Recall": 0.8987341772151899, "Precision": 0.08397397989355411, "F1": 0.1535965386695511}