{"ROC AUC": 0.8668729026845639, "PR AUC": 0.11597193298525572, "Recall": 1.0, "Precision": 0.015282940933498555, "F1": 0.03010577705451587}