{"ROC AUC": 0.8707037963873785, "PR AUC": 0.22053123534095348, "Recall": 0.6708860759493671, "Precision": 0.12840702604482132, "F1": 0.21555668530757496}