{"ROC AUC": 0.797337623906863, "PR AUC": 0.14582204909389496, "Recall": 0.3449367088607595, "Precision": 0.11168032786885246, "F1": 0.16873065015479874}