{"ROC AUC": 0.7713341618674043, "PR AUC": 0.0833397990858016, "Recall": 0.5135135135135135, "Precision": 0.03828715365239295, "F1": 0.07126113455227379}