{"ROC AUC": 0.8711383888082713, "PR AUC": 0.19609430439576278, "Recall": 0.7094594594594594, "Precision": 0.0603448275862069, "F1": 0.11122881355932204}