{"ROC AUC": 0.8290976325868465, "PR AUC": 0.25419023455610257, "Recall": 0.8494983277591973, "Precision": 0.08217405370430282, "F1": 0.1498525073746313}