{"ROC AUC": 0.8605885799865824, "PR AUC": 0.1610414491708982, "Recall": 1.0, "Precision": 0.015620151029274852, "F1": 0.030759828885720104}