{"ROC AUC": 0.8402674442848207, "PR AUC": 0.25627918828904583, "Recall": 0.5919732441471572, "Precision": 0.10362997658079626, "F1": 0.17638266068759345}