{"ROC AUC": 0.7899713391350045, "PR AUC": 0.1507162395157819, "Recall": 0.3979933110367893, "Precision": 0.12167689161554192, "F1": 0.18637431480031325}