{"ROC AUC": 0.7876118019424936, "PR AUC": 0.10140501536569332, "Recall": 0.5960264900662252, "Precision": 0.04479840716774515, "F1": 0.08333333333333334}