{"ROC AUC": 0.8488425906594401, "PR AUC": 0.20079655901132895, "Recall": 0.6688741721854304, "Precision": 0.06037059175134489, "F1": 0.11074561403508772}