{"ROC AUC": 0.8656603474561619, "PR AUC": 0.35405461748722317, "Recall": 0.8957055214723927, "Precision": 0.09017912291537987, "F1": 0.1638608305274972}