{"ROC AUC": 0.8795414785131135, "PR AUC": 0.12618381489858102, "Recall": 1.0, "Precision": 0.014441922838869404, "F1": 0.02847264592231035}