{"ROC AUC": 0.8646367610924541, "PR AUC": 0.3490663711534205, "Recall": 0.7300613496932515, "Precision": 0.10932475884244373, "F1": 0.19017179384738314}