{"ROC AUC": 0.8238863341069717, "PR AUC": 0.18780958665073394, "Recall": 0.41411042944785276, "Precision": 0.13513513513513514, "F1": 0.2037735849056604}