{"ROC AUC": 0.8056255420317593, "PR AUC": 0.05327239205474168, "Recall": 0.6142857142857143, "Precision": 0.04223968565815324, "F1": 0.07904411764705882}