{"ROC AUC": 0.8767102036544155, "PR AUC": 0.1899887911245967, "Recall": 0.8214285714285714, "Precision": 0.053914674167838725, "F1": 0.10118785745710515}