{"ROC AUC": 0.904053032382867, "PR AUC": 0.15887945168915762, "Recall": 1.0, "Precision": 0.01538779303934731, "F1": 0.03030919446704638}