{"ROC AUC": 0.9003727651037643, "PR AUC": 0.2955991064625301, "Recall": 0.8793650793650793, "Precision": 0.09598059598059598, "F1": 0.17307091533895658}