{"ROC AUC": 0.9009905385439116, "PR AUC": 0.2944123947104199, "Recall": 0.7968253968253968, "Precision": 0.1215496368038741, "F1": 0.21092436974789916}