{"ROC AUC": 0.8308512260583141, "PR AUC": 0.20472380293437295, "Recall": 0.3968253968253968, "Precision": 0.12626262626262627, "F1": 0.19157088122605367}