{"ROC AUC": 0.8116106537816616, "PR AUC": 0.09609953787139207, "Recall": 0.6174496644295302, "Precision": 0.046511627906976744, "F1": 0.08650681711330513}