{"ROC AUC": 0.8998364032364565, "PR AUC": 0.2617419672682011, "Recall": 0.7919463087248322, "Precision": 0.05681271064034665, "F1": 0.10601976639712489}