{"ROC AUC": 0.8507728046697631, "PR AUC": 0.2477555901501011, "Recall": 0.7896341463414634, "Precision": 0.06484727090635954, "F1": 0.11985192040721888}