{"ROC AUC": 0.8619274385422722, "PR AUC": 0.1341761328232554, "Recall": 1.0, "Precision": 0.0149685145039744, "F1": 0.02949552481692433}