{"ROC AUC": 0.8568186196913208, "PR AUC": 0.25219021782491235, "Recall": 0.7225609756097561, "Precision": 0.13314606741573035, "F1": 0.2248576850094877}