{"ROC AUC": 0.8092665287642415, "PR AUC": 0.16228734514269902, "Recall": 0.45121951219512196, "Precision": 0.1466798810703667, "F1": 0.2213911742707554}