{"ROC AUC": 0.8058455695197109, "PR AUC": 0.09626204016157293, "Recall": 0.6206896551724138, "Precision": 0.045067601402103155, "F1": 0.08403361344537814}