{"ROC AUC": 0.8784391596474822, "PR AUC": 0.21571408867102526, "Recall": 0.7448275862068966, "Precision": 0.057294429708222815, "F1": 0.10640394088669951}