{"ROC AUC": 0.8695821059449912, "PR AUC": 0.11358527808796776, "Recall": 1.0, "Precision": 0.015583075335397318, "F1": 0.030687938217660807}