{"ROC AUC": 0.8676901941855716, "PR AUC": 0.21683018609887547, "Recall": 0.9285714285714286, "Precision": 0.07246728065923412, "F1": 0.13444244604316544}