{"ROC AUC": 0.8737614768923944, "PR AUC": 0.2290012736923516, "Recall": 0.7763975155279503, "Precision": 0.12141816415735794, "F1": 0.20999580008399832}