{"ROC AUC": 0.8016862942964287, "PR AUC": 0.13684248775446087, "Recall": 0.37577639751552794, "Precision": 0.12246963562753037, "F1": 0.1847328244274809}