{"ROC AUC": 0.7780412097009904, "PR AUC": 0.057046728709283706, "Recall": 0.5496688741721855, "Precision": 0.040666340029397355, "F1": 0.07572992700729927}