{"ROC AUC": 0.8782776736006731, "PR AUC": 0.16781547287568904, "Recall": 0.8211920529801324, "Precision": 0.057460611677479144, "F1": 0.10740580337808574}