{"ROC AUC": 0.8592904113778865, "PR AUC": 0.10273454586353294, "Recall": 1.0, "Precision": 0.013422818791946308, "F1": 0.026490066225165563}