{"ROC AUC": 0.8420833009859483, "PR AUC": 0.23183345004127295, "Recall": 0.7962382445141066, "Precision": 0.07238529495582788, "F1": 0.13270637408568442}