{"ROC AUC": 0.8459934305807271, "PR AUC": 0.23377583091478776, "Recall": 0.64576802507837, "Precision": 0.11928199189345687, "F1": 0.20136852394916913}