{"ROC AUC": 0.7904697576489297, "PR AUC": 0.11955345916828192, "Recall": 0.3761755485893417, "Precision": 0.12048192771084337, "F1": 0.18250950570342206}