{"ROC AUC": 0.7799740021410001, "PR AUC": 0.041544727878077975, "Recall": 0.5692307692307692, "Precision": 0.036669970267591674, "F1": 0.06890130353817504}