{"ROC AUC": 0.8765504141145033, "PR AUC": 0.19112258934447335, "Recall": 0.7538461538461538, "Precision": 0.05358119190814653, "F1": 0.10005104645227156}