{"ROC AUC": 0.8488391956752944, "PR AUC": 0.09530622897957078, "Recall": 1.0, "Precision": 0.013733994217265592, "F1": 0.02709585413058979}