{"ROC AUC": 0.8492437222324315, "PR AUC": 0.2397571379245884, "Recall": 0.8765822784810127, "Precision": 0.09604715672676838, "F1": 0.173125}