{"ROC AUC": 0.8561248094779967, "PR AUC": 0.24081732993584726, "Recall": 0.6677215189873418, "Precision": 0.13154613466334164, "F1": 0.21979166666666666}