{"ROC AUC": 0.7810564377520025, "PR AUC": 0.1359826798601942, "Recall": 0.3227848101265823, "Precision": 0.10483042137718397, "F1": 0.1582622187742436}