{"ROC AUC": 0.7719201154388431, "PR AUC": 0.039233227609595134, "Recall": 0.5413533834586466, "Precision": 0.03543307086614173, "F1": 0.06651270207852193}