{"ROC AUC": 0.8526170939861433, "PR AUC": 0.15758470750533038, "Recall": 0.6842105263157895, "Precision": 0.049972542559033495, "F1": 0.09314227226202659}