{"ROC AUC": 0.8701002358989102, "PR AUC": 0.32240027988445724, "Recall": 0.8283828382838284, "Precision": 0.06995540691192866, "F1": 0.12901567720380366}