{"ROC AUC": 0.8822602151244406, "PR AUC": 0.13929806137564266, "Recall": 1.0, "Precision": 0.013855857718953573, "F1": 0.02733299337072922}