{"ROC AUC": 0.8719945436046594, "PR AUC": 0.3220321285898522, "Recall": 0.7161716171617162, "Precision": 0.11481481481481481, "F1": 0.19790241678066575}