{"ROC AUC": 0.8092387750730667, "PR AUC": 0.19241914807862223, "Recall": 0.4158415841584158, "Precision": 0.13070539419087138, "F1": 0.19889502762430938}