{"ROC AUC": 0.8036966003577583, "PR AUC": 0.06553282889098494, "Recall": 0.6417910447761194, "Precision": 0.0431077694235589, "F1": 0.08078910286519493}