{"ROC AUC": 0.8925234632124059, "PR AUC": 0.18110521144867245, "Recall": 0.7686567164179104, "Precision": 0.05375782881002088, "F1": 0.10048780487804877}