{"ROC AUC": 0.8783562336649015, "PR AUC": 0.09873265773513874, "Recall": 1.0, "Precision": 0.013034033309196235, "F1": 0.02573266619013581}