{"ROC AUC": 0.868155022863002, "PR AUC": 0.2789773022073628, "Recall": 0.903010033444816, "Precision": 0.08052490307187593, "F1": 0.14786418400876233}