{"ROC AUC": 0.8711132182709801, "PR AUC": 0.2907685309070281, "Recall": 0.6789297658862876, "Precision": 0.11639908256880734, "F1": 0.1987273617229564}