{"ROC AUC": 0.7944441548686341, "PR AUC": 0.13521088806710108, "Recall": 0.3177257525083612, "Precision": 0.1, "F1": 0.1521216973578863}