{"ROC AUC": 0.7770149879467562, "PR AUC": 0.03819993543049517, "Recall": 0.5952380952380952, "Precision": 0.03869969040247678, "F1": 0.07267441860465117}