{"ROC AUC": 0.8843379366909395, "PR AUC": 0.1881321697527104, "Recall": 0.7936507936507936, "Precision": 0.05333333333333334, "F1": 0.09995002498750624}