{"ROC AUC": 0.8815301520713161, "PR AUC": 0.16559874059765936, "Recall": 1.0, "Precision": 0.015487867836861126, "F1": 0.03050330452465684}