{"ROC AUC": 0.8615843047140814, "PR AUC": 0.27587474727356054, "Recall": 0.8264984227129337, "Precision": 0.10147172734314484, "F1": 0.1807519834425664}