{"ROC AUC": 0.8558432357148438, "PR AUC": 0.2685963466069577, "Recall": 0.6908517350157729, "Precision": 0.12303370786516854, "F1": 0.2088698140200286}