{"ROC AUC": 0.7949035174444448, "PR AUC": 0.17155536538915736, "Recall": 0.40063091482649843, "Precision": 0.12549407114624506, "F1": 0.1911211437170805}