{"ROC AUC": 0.8046799510575074, "PR AUC": 0.11546565983473688, "Recall": 0.6, "Precision": 0.04536290322580645, "F1": 0.08434864104967198}