{"ROC AUC": 0.8812896346792518, "PR AUC": 0.2502799809796785, "Recall": 0.74, "Precision": 0.060589519650655024, "F1": 0.11200807265388496}