{"ROC AUC": 0.8888874345549739, "PR AUC": 0.1453953741123614, "Recall": 1.0, "Precision": 0.01607253245415207, "F1": 0.03163658487122288}