{"ROC AUC": 0.8650110030874334, "PR AUC": 0.28633934731377536, "Recall": 0.757396449704142, "Precision": 0.10297666934835076, "F1": 0.18130311614730873}