{"ROC AUC": 0.8648262497536621, "PR AUC": 0.28051512481611535, "Recall": 0.7218934911242604, "Precision": 0.12055335968379446, "F1": 0.20660457239627433}