{"ROC AUC": 0.7953005699877209, "PR AUC": 0.13830821764173049, "Recall": 0.378698224852071, "Precision": 0.12942366026289182, "F1": 0.19291635267520724}