{"ROC AUC": 0.7969371727748691, "PR AUC": 0.08886857850327254, "Recall": 0.6153846153846154, "Precision": 0.04701273261508325, "F1": 0.08735213830755231}