{"ROC AUC": 0.8793989126057189, "PR AUC": 0.23546430215931896, "Recall": 0.7435897435897436, "Precision": 0.058823529411764705, "F1": 0.10902255639097745}