{"ROC AUC": 0.8448176452476805, "PR AUC": 0.23738828786330862, "Recall": 0.6326530612244898, "Precision": 0.09602478058853897, "F1": 0.1667413715822501}