{"ROC AUC": 0.8638421988963488, "PR AUC": 0.14340590999239608, "Recall": 1.0, "Precision": 0.015007244876837094, "F1": 0.029570714795554197}