{"ROC AUC": 0.8444324142979138, "PR AUC": 0.22398250538870218, "Recall": 0.6020408163265306, "Precision": 0.10649819494584838, "F1": 0.18098159509202455}