{"ROC AUC": 0.7777108494977838, "PR AUC": 0.14038934942940978, "Recall": 0.3333333333333333, "Precision": 0.09829488465396188, "F1": 0.1518202943454686}