{"ROC AUC": 0.7760341747797952, "PR AUC": 0.10283684105270421, "Recall": 0.5724137931034483, "Precision": 0.04170854271356784, "F1": 0.07775175644028104}