{"ROC AUC": 0.8472577203045005, "PR AUC": 0.19267924081235238, "Recall": 0.6275862068965518, "Precision": 0.05569155446756426, "F1": 0.10230466554243957}