{"ROC AUC": 0.8621470800762006, "PR AUC": 0.23121441927625647, "Recall": 0.8861538461538462, "Precision": 0.07339449541284404, "F1": 0.13556130854318663}