{"ROC AUC": 0.8773272539390581, "PR AUC": 0.12879259868516818, "Recall": 1.0, "Precision": 0.01588775404931394, "F1": 0.03127856199857825}