{"ROC AUC": 0.8608671089798332, "PR AUC": 0.23004566809416976, "Recall": 0.7076923076923077, "Precision": 0.12234042553191489, "F1": 0.20861678004535147}