{"ROC AUC": 0.7923400446692506, "PR AUC": 0.142970982365761, "Recall": 0.3476923076923077, "Precision": 0.11495422177009156, "F1": 0.17278287461773698}