{"ROC AUC": 0.7905073226385733, "PR AUC": 0.08954764541104072, "Recall": 0.5714285714285714, "Precision": 0.044399596367305755, "F1": 0.08239700374531836}