{"ROC AUC": 0.885302714897012, "PR AUC": 0.20981892526039567, "Recall": 0.7727272727272727, "Precision": 0.05550373134328358, "F1": 0.10356832027850305}