{"ROC AUC": 0.8782180089551985, "PR AUC": 0.13086937481729471, "Recall": 1.0, "Precision": 0.015271901764523785, "F1": 0.030084358166480335}