{"ROC AUC": 0.8769914973045716, "PR AUC": 0.29733869244841415, "Recall": 0.8544891640866873, "Precision": 0.09985528219971057, "F1": 0.17881438289601553}