{"ROC AUC": 0.8765830189327741, "PR AUC": 0.30862366621125253, "Recall": 0.7368421052631579, "Precision": 0.12402292860865034, "F1": 0.21231043710972347}