{"ROC AUC": 0.7993267377515976, "PR AUC": 0.1738233233639153, "Recall": 0.38080495356037153, "Precision": 0.13043478260869565, "F1": 0.1943127962085308}