{"ROC AUC": 0.7758056704928757, "PR AUC": 0.10720734352030116, "Recall": 0.5743243243243243, "Precision": 0.04269211451531894, "F1": 0.07947639083683965}