{"ROC AUC": 0.8731591147891054, "PR AUC": 0.23192701258341025, "Recall": 0.7094594594594594, "Precision": 0.056029882604055496, "F1": 0.10385756676557864}