{"ROC AUC": 0.8711697288886229, "PR AUC": 0.14061101570461385, "Recall": 1.0, "Precision": 0.01658255227108868, "F1": 0.032624113475177303}