{"ROC AUC": 0.8526277137369118, "PR AUC": 0.27487070577549433, "Recall": 0.6979472140762464, "Precision": 0.09850993377483444, "F1": 0.1726514327167211}