{"ROC AUC": 0.8500006886862621, "PR AUC": 0.2775534716318383, "Recall": 0.6363636363636364, "Precision": 0.11685514270328487, "F1": 0.19745222929936304}