{"ROC AUC": 0.7712671013320445, "PR AUC": 0.1754460658207214, "Recall": 0.41348973607038125, "Precision": 0.13960396039603962, "F1": 0.20873427091043675}