{"ROC AUC": 0.7801607829157418, "PR AUC": 0.10719335167010477, "Recall": 0.5527950310559007, "Precision": 0.04375614552605703, "F1": 0.08109339407744874}