{"ROC AUC": 0.8610898968793178, "PR AUC": 0.19222986235630066, "Recall": 0.6211180124223602, "Precision": 0.05605381165919283, "F1": 0.10282776349614395}