{"ROC AUC": 0.8364141784371071, "PR AUC": 0.24861810696274625, "Recall": 0.6902654867256637, "Precision": 0.10182767624020887, "F1": 0.17747440273037543}