{"ROC AUC": 0.8599488843965862, "PR AUC": 0.1288525942280602, "Recall": 1.0, "Precision": 0.01607087668692696, "F1": 0.031633377268579545}