{"ROC AUC": 0.8429584551942344, "PR AUC": 0.24947944356642476, "Recall": 0.6253687315634219, "Precision": 0.1207977207977208, "F1": 0.20248328557784145}