{"ROC AUC": 0.7677104509420131, "PR AUC": 0.13161227828220926, "Recall": 0.29793510324483774, "Precision": 0.10542797494780794, "F1": 0.15574402467232076}