{"ROC AUC": 0.7542870393488129, "PR AUC": 0.08635996049953325, "Recall": 0.47435897435897434, "Precision": 0.03731719616742309, "F1": 0.0691912108461898}