{"ROC AUC": 0.8592361116704118, "PR AUC": 0.2295583591171174, "Recall": 0.6923076923076923, "Precision": 0.05853658536585366, "F1": 0.10794602698650675}