{"ROC AUC": 0.8518886188730117, "PR AUC": 0.27777547948848946, "Recall": 0.8189910979228486, "Precision": 0.0930546190155091, "F1": 0.1671207992733878}