{"ROC AUC": 0.8684457163657, "PR AUC": 0.1158444966877425, "Recall": 1.0, "Precision": 0.015043791859866049, "F1": 0.029641660745102022}