{"ROC AUC": 0.8560808687697496, "PR AUC": 0.28224115869598315, "Recall": 0.6083086053412463, "Precision": 0.11484593837535013, "F1": 0.19321394910461828}