{"ROC AUC": 0.7686003175150206, "PR AUC": 0.1315865689717889, "Recall": 0.3086053412462908, "Precision": 0.10732714138286893, "F1": 0.15926493108728942}