{"ROC AUC": 0.7719487623368639, "PR AUC": 0.046301339321037215, "Recall": 0.5205479452054794, "Precision": 0.03840323395654371, "F1": 0.07152941176470588}