{"ROC AUC": 0.8709836674037377, "PR AUC": 0.19152515788764546, "Recall": 0.6917808219178082, "Precision": 0.057126696832579184, "F1": 0.10553814002089863}