{"ROC AUC": 0.8571043068801395, "PR AUC": 0.18153014148143168, "Recall": 0.9790209790209791, "Precision": 0.049964311206281226, "F1": 0.09507640067911714}