{"ROC AUC": 0.8691550925925927, "PR AUC": 0.14152516737607482, "Recall": 1.0, "Precision": 0.015542430836182779, "F1": 0.03060912151821243}