{"ROC AUC": 0.8688012457226804, "PR AUC": 0.19575425970585195, "Recall": 0.7237762237762237, "Precision": 0.12226816302421736, "F1": 0.20919656392117228}