{"ROC AUC": 0.8088918980251174, "PR AUC": 0.13168793101620926, "Recall": 0.4405594405594406, "Precision": 0.1319371727748691, "F1": 0.20306204673650283}