{"ROC AUC": 0.7928696689113357, "PR AUC": 0.09510204269425133, "Recall": 0.5866666666666667, "Precision": 0.045081967213114756, "F1": 0.08372978116079925}