{"ROC AUC": 0.89134294332211, "PR AUC": 0.21846082139333273, "Recall": 0.8533333333333334, "Precision": 0.0676175382989963, "F1": 0.12530592266275087}