{"ROC AUC": 0.8573748073358188, "PR AUC": 0.29989242421780005, "Recall": 0.8810975609756098, "Precision": 0.06307289393278044, "F1": 0.11771894093686354}