{"ROC AUC": 0.8735393769789168, "PR AUC": 0.1519827357187838, "Recall": 1.0, "Precision": 0.015782958531050134, "F1": 0.031075454453132936}