{"ROC AUC": 0.8639807153568974, "PR AUC": 0.30666054687949684, "Recall": 0.7439024390243902, "Precision": 0.11192660550458716, "F1": 0.19457735247208935}