{"ROC AUC": 0.8062581036116724, "PR AUC": 0.1837565055227718, "Recall": 0.43597560975609756, "Precision": 0.14243027888446216, "F1": 0.2147147147147147}