{"ROC AUC": 0.7879104486812014, "PR AUC": 0.09339216274649684, "Recall": 0.6078431372549019, "Precision": 0.04576771653543307, "F1": 0.08512585812356979}