{"ROC AUC": 0.8930561291546554, "PR AUC": 0.2373312028196459, "Recall": 0.8235294117647058, "Precision": 0.05514223194748359, "F1": 0.103363412633306}