{"ROC AUC": 0.9009209180715017, "PR AUC": 0.3093309782719573, "Recall": 0.9506172839506173, "Precision": 0.08424507658643327, "F1": 0.15477386934673365}