{"ROC AUC": 0.8992364602243635, "PR AUC": 0.14933798311361715, "Recall": 1.0, "Precision": 0.014857614527445316, "F1": 0.029280195201301346}