{"ROC AUC": 0.9011993152418002, "PR AUC": 0.31150989638808574, "Recall": 0.8549382716049383, "Precision": 0.1299859221022994, "F1": 0.22566191446028513}