{"ROC AUC": 0.8365490677483632, "PR AUC": 0.17604250964639634, "Recall": 0.44753086419753085, "Precision": 0.14456630109670987, "F1": 0.2185380557648832}