{"ROC AUC": 0.8301978599357631, "PR AUC": 0.09292724782401075, "Recall": 0.6527777777777778, "Precision": 0.0461010299166258, "F1": 0.08612001832340815}