{"ROC AUC": 0.9014264185635154, "PR AUC": 0.22543389630568672, "Recall": 0.8680555555555556, "Precision": 0.05763024435223606, "F1": 0.10808473843493299}