{"ROC AUC": 0.822657345821456, "PR AUC": 0.1197369545045814, "Recall": 1.0, "Precision": 0.01505143475906876, "F1": 0.029656496692980587}