{"ROC AUC": 0.8181855313703899, "PR AUC": 0.20308949078901384, "Recall": 0.7234726688102894, "Precision": 0.10153429602888087, "F1": 0.1780767708745548}