{"ROC AUC": 0.8236872599064751, "PR AUC": 0.19465860387497486, "Recall": 0.6237942122186495, "Precision": 0.12004950495049505, "F1": 0.20134924753502856}