{"ROC AUC": 0.7647277384048041, "PR AUC": 0.13633578122180892, "Recall": 0.31189710610932475, "Precision": 0.09729187562688064, "F1": 0.14831804281345567}