{"ROC AUC": 0.7568243518392833, "PR AUC": 0.0933871346871786, "Recall": 0.5035971223021583, "Precision": 0.03453379378391712, "F1": 0.06463527239150509}