{"ROC AUC": 0.8265440477806434, "PR AUC": 0.18748807610407622, "Recall": 0.6115107913669064, "Precision": 0.052827843380981974, "F1": 0.09725400457665903}