{"ROC AUC": 0.8358726631467904, "PR AUC": 0.23382575711971543, "Recall": 0.6130030959752322, "Precision": 0.11018363939899833, "F1": 0.1867924528301887}