{"ROC AUC": 0.8420054308466781, "PR AUC": 0.09486607696318602, "Recall": 1.0, "Precision": 0.014652770611907956, "F1": 0.02888233499440659}