{"ROC AUC": 0.8356700763814897, "PR AUC": 0.23416213277311615, "Recall": 0.6130030959752322, "Precision": 0.13060686015831136, "F1": 0.21533442088091354}