{"ROC AUC": 0.7699437251641184, "PR AUC": 0.13399458308871343, "Recall": 0.3622291021671827, "Precision": 0.11676646706586827, "F1": 0.17660377358490564}