{"ROC AUC": 0.7539171567260933, "PR AUC": 0.04409284898894589, "Recall": 0.4859154929577465, "Precision": 0.0350076103500761, "F1": 0.06530998580217699}