{"ROC AUC": 0.8355347289517816, "PR AUC": 0.15359246159132317, "Recall": 0.5985915492957746, "Precision": 0.05462724935732648, "F1": 0.10011778563015312}