{"ROC AUC": 0.8589373069476671, "PR AUC": 0.08889089031644323, "Recall": 1.0, "Precision": 0.014681555004135649, "F1": 0.028938251477481147}