{"ROC AUC": 0.8486522568430042, "PR AUC": 0.22035495825717985, "Recall": 0.7203947368421053, "Precision": 0.09737661182747888, "F1": 0.17156286721504113}