{"ROC AUC": 0.8529877747314487, "PR AUC": 0.23016522629446906, "Recall": 0.6118421052631579, "Precision": 0.1169076052796983, "F1": 0.1963060686015831}