{"ROC AUC": 0.7803939221987505, "PR AUC": 0.12107683755668365, "Recall": 0.3223684210526316, "Precision": 0.10560344827586207, "F1": 0.15909090909090912}