{"ROC AUC": 0.7490829552340275, "PR AUC": 0.0646808315593021, "Recall": 0.49295774647887325, "Precision": 0.03580562659846547, "F1": 0.06676204101096805}