{"ROC AUC": 0.8659603476050428, "PR AUC": 0.16465057231154262, "Recall": 0.6971830985915493, "Precision": 0.05631399317406143, "F1": 0.10421052631578948}