{"ROC AUC": 0.9027273697694278, "PR AUC": 0.36499817079657093, "Recall": 0.9208860759493671, "Precision": 0.10344827586206896, "F1": 0.1860019175455417}