{"ROC AUC": 0.9121880075824097, "PR AUC": 0.16198921685099196, "Recall": 1.0, "Precision": 0.014353572903758778, "F1": 0.02830092639723099}