{"ROC AUC": 0.9014676950350775, "PR AUC": 0.362888065371718, "Recall": 0.7626582278481012, "Precision": 0.11438063597532036, "F1": 0.19892695006190675}