{"ROC AUC": 0.8265618074998109, "PR AUC": 0.2074641394417341, "Recall": 0.43354430379746833, "Precision": 0.13922764227642276, "F1": 0.21076923076923074}