{"ROC AUC": 0.8150201054452405, "PR AUC": 0.09179073475713377, "Recall": 0.6402877697841727, "Precision": 0.0439940682155215, "F1": 0.08233117483811285}