{"ROC AUC": 0.9069421257127352, "PR AUC": 0.24648138064712324, "Recall": 0.8561151079136691, "Precision": 0.056132075471698115, "F1": 0.10535635236830457}