{"ROC AUC": 0.8145554532337123, "PR AUC": 0.23352800198199605, "Recall": 0.7460815047021944, "Precision": 0.08679795769511306, "F1": 0.1555047370140477}