{"ROC AUC": 0.8373943853290655, "PR AUC": 0.13391847960014572, "Recall": 1.0, "Precision": 0.014279801324503311, "F1": 0.028157518873699244}