{"ROC AUC": 0.8330403106419774, "PR AUC": 0.22061142190476882, "Recall": 0.6175548589341693, "Precision": 0.13011889035667107, "F1": 0.2149481723949809}