{"ROC AUC": 0.7958659707294089, "PR AUC": 0.1395237430010682, "Recall": 0.3542319749216301, "Precision": 0.11530612244897959, "F1": 0.1739799846035412}