{"ROC AUC": 0.7983103170375228, "PR AUC": 0.10011049194707905, "Recall": 0.572463768115942, "Precision": 0.038973852984706465, "F1": 0.07297921478060046}