{"ROC AUC": 0.8376258383532079, "PR AUC": 0.15627864377249623, "Recall": 0.6376811594202898, "Precision": 0.05531112507856694, "F1": 0.10179294389820705}