{"ROC AUC": 0.8692333313515441, "PR AUC": 0.23263283016129735, "Recall": 0.8544303797468354, "Precision": 0.08503937007874016, "F1": 0.15468347178458894}