{"ROC AUC": 0.8754460543647468, "PR AUC": 0.12290942645441924, "Recall": 1.0, "Precision": 0.014456836018174308, "F1": 0.028501628664495116}