{"ROC AUC": 0.8739629387410954, "PR AUC": 0.23550042523733544, "Recall": 0.7025316455696202, "Precision": 0.12231404958677686, "F1": 0.20835288596902862}