{"ROC AUC": 0.7917613083591866, "PR AUC": 0.12321938524944356, "Recall": 0.31645569620253167, "Precision": 0.1037344398340249, "F1": 0.15625}