{"ROC AUC": 0.7840468207400311, "PR AUC": 0.0703120574177627, "Recall": 0.5785714285714286, "Precision": 0.04017857142857143, "F1": 0.07513914656771802}