{"ROC AUC": 0.880171536342953, "PR AUC": 0.2003996298457098, "Recall": 0.7428571428571429, "Precision": 0.05187032418952618, "F1": 0.09696969696969697}