{"ROC AUC": 0.8488422425747617, "PR AUC": 0.23005886752756052, "Recall": 0.8318042813455657, "Precision": 0.0625, "F1": 0.11626415900833512}