{"ROC AUC": 0.8603961783243894, "PR AUC": 0.14325397984939806, "Recall": 1.0, "Precision": 0.016917681039818444, "F1": 0.03327246906066139}