{"ROC AUC": 0.8590027342740072, "PR AUC": 0.23411443784939712, "Recall": 0.7186544342507645, "Precision": 0.12335958005249344, "F1": 0.21057347670250895}