{"ROC AUC": 0.8098946703854883, "PR AUC": 0.16108784635365805, "Recall": 0.43425076452599387, "Precision": 0.14214214214214213, "F1": 0.21417797888386123}