{"ROC AUC": 0.7927747325159749, "PR AUC": 0.07940878200064676, "Recall": 0.5792682926829268, "Precision": 0.04677498769079271, "F1": 0.0865603644646925}