{"ROC AUC": 0.8809644907119516, "PR AUC": 0.2446466557739508, "Recall": 0.7682926829268293, "Precision": 0.0625, "F1": 0.11559633027522936}