{"ROC AUC": 0.8323171169669946, "PR AUC": 0.07135570435583218, "Recall": 1.0, "Precision": 0.015413851351351352, "F1": 0.030359742150135167}