{"ROC AUC": 0.8289606982980413, "PR AUC": 0.21504977418784857, "Recall": 0.9140127388535032, "Precision": 0.06153516295025729, "F1": 0.1153073523503415}