{"ROC AUC": 0.8332115155536942, "PR AUC": 0.227057704430012, "Recall": 0.5796178343949044, "Precision": 0.10781990521327015, "F1": 0.18181818181818182}