{"ROC AUC": 0.7662395565334219, "PR AUC": 0.11551415069610216, "Recall": 0.2961783439490446, "Precision": 0.10130718954248366, "F1": 0.15097402597402595}