{"ROC AUC": 0.7263459449986209, "PR AUC": 0.032871458070832756, "Recall": 0.4178082191780822, "Precision": 0.031138335885655948, "F1": 0.05795724465558195}