{"ROC AUC": 0.8377133946630504, "PR AUC": 0.11570686988475794, "Recall": 0.6232876712328768, "Precision": 0.05217889908256881, "F1": 0.0962962962962963}