{"ROC AUC": 0.8502348715114673, "PR AUC": 0.08588784095723526, "Recall": 1.0, "Precision": 0.014557092711129465, "F1": 0.02869644856008955}