{"ROC AUC": 0.8373228542316788, "PR AUC": 0.22270984168205576, "Recall": 0.8442367601246106, "Precision": 0.07651044607566347, "F1": 0.14030546207610664}