{"ROC AUC": 0.8380401499370829, "PR AUC": 0.23907948995501618, "Recall": 0.5919003115264797, "Precision": 0.1313969571230982, "F1": 0.21505376344086022}