{"ROC AUC": 0.7704364430114049, "PR AUC": 0.11436025835421983, "Recall": 0.3707165109034268, "Precision": 0.12370062370062371, "F1": 0.18550272798129386}