{"ROC AUC": 0.7504895013474286, "PR AUC": 0.03459738170839681, "Recall": 0.49645390070921985, "Precision": 0.03515821195379206, "F1": 0.06566604127579738}