{"ROC AUC": 0.8546842084934054, "PR AUC": 0.16491002810600688, "Recall": 0.6382978723404256, "Precision": 0.05366726296958855, "F1": 0.099009900990099}