{"ROC AUC": 0.8705454373398556, "PR AUC": 0.16504927949071285, "Recall": 1.0, "Precision": 0.01486988847583643, "F1": 0.0293040293040293}