{"ROC AUC": 0.8376532958955345, "PR AUC": 0.24526118401838007, "Recall": 0.8069620253164557, "Precision": 0.0860323886639676, "F1": 0.15548780487804878}