{"ROC AUC": 0.8401503502361933, "PR AUC": 0.22140792450808283, "Recall": 0.6265822784810127, "Precision": 0.10221992772328342, "F1": 0.17576564580559256}