{"ROC AUC": 0.7760006796636003, "PR AUC": 0.15213165713418358, "Recall": 0.3829113924050633, "Precision": 0.125, "F1": 0.18847352024922115}