{"ROC AUC": 0.7802836740041929, "PR AUC": 0.10211222511644405, "Recall": 0.5486111111111112, "Precision": 0.03983862834089763, "F1": 0.07428302773859898}