{"ROC AUC": 0.8789923276263685, "PR AUC": 0.2724119075425803, "Recall": 0.7777777777777778, "Precision": 0.05717202654415518, "F1": 0.10651450309082264}